path,bbox_count,label,stratify_group,fold
./data_pothole/ds1_10157.jpg,1,9,9_0,0
./data_pothole/ds1_11292.jpg,1,9,9_0,0
./data_pothole/ds1_13673.jpg,1,9,9_0,0
./data_pothole/ds1_13825.jpg,1,9,9_0,0
./data_pothole/ds1_13869.jpg,1,9,9_0,0
./data_pothole/ds1_13934.jpg,1,9,9_0,0
./data_pothole/ds1_13935.jpg,1,9,9_0,0
./data_pothole/ds1_13956.jpg,1,9,9_0,0
./data_pothole/ds1_13957.jpg,1,9,9_0,0
./data_pothole/ds1_14100.jpg,1,9,9_0,0
./data_pothole/ds1_14144.jpg,1,9,9_0,0
./data_pothole/ds1_14209.jpg,1,9,9_0,0
./data_pothole/ds1_14210.jpg,1,9,9_0,0
./data_pothole/ds1_14231.jpg,1,9,9_0,0
./data_pothole/ds1_14232.jpg,1,9,9_0,0
./data_pothole/ds1_14373.jpg,3,9,9_1,0
./data_pothole/ds1_14423.jpg,1,9,9_0,0
./data_pothole/ds1_14484.jpg,4,9,9_1,0
./data_pothole/ds1_14489.jpg,1,9,9_0,0
./data_pothole/ds1_14526.jpg,1,9,9_0,0
./data_pothole/ds1_14540.jpg,1,9,9_0,0
./data_pothole/ds1_14541.jpg,1,9,9_0,0
./data_pothole/ds1_14565.jpg,1,9,9_0,0
./data_pothole/ds1_14566.jpg,1,9,9_0,0
./data_pothole/ds1_14579.jpg,2,9,9_0,0
./data_pothole/ds1_14582.jpg,1,9,9_0,0
./data_pothole/ds1_14704.jpg,1,9,9_0,0
./data_pothole/ds1_15311.jpg,1,9,9_0,0
./data_pothole/ds1_15406.jpg,1,9,9_0,0
./data_pothole/ds1_16125.jpg,1,9,9_0,0
./data_pothole/ds1_16720.jpg,1,9,9_0,0
./data_pothole/ds1_16721.jpg,1,9,9_0,0
./data_pothole/ds1_16984.jpg,1,9,9_0,0
./data_pothole/ds1_17142.jpg,1,9,9_0,0
./data_pothole/ds1_17272.jpg,1,9,9_0,0
./data_pothole/ds1_17614.jpg,1,9,9_0,0
./data_pothole/ds1_1845.jpg,1,9,9_0,0
./data_pothole/ds1_1924.jpg,1,9,9_0,0
./data_pothole/ds1_1952.jpg,1,9,9_0,0
./data_pothole/ds1_19871.jpg,1,9,9_0,0
./data_pothole/ds1_20297.jpg,1,9,9_0,0
./data_pothole/ds1_20865.jpg,1,9,9_0,0
./data_pothole/ds1_20921.jpg,1,9,9_0,0
./data_pothole/ds1_20969.jpg,1,9,9_0,0
./data_pothole/ds1_21082.jpg,1,9,9_0,0
./data_pothole/ds1_23755.jpg,1,9,9_0,0
./data_pothole/ds1_24202.jpg,1,9,9_0,0
./data_pothole/ds1_24203.jpg,1,9,9_0,0
./data_pothole/ds1_27041.jpg,1,9,9_0,0
./data_pothole/ds1_27118.jpg,1,9,9_0,0
./data_pothole/ds1_27205.jpg,2,9,9_0,0
./data_pothole/ds1_27351.jpg,1,9,9_0,0
./data_pothole/ds1_28294.jpg,1,9,9_0,0
./data_pothole/ds1_28339.jpg,2,9,9_0,0
./data_pothole/ds1_28861.jpg,1,9,9_0,0
./data_pothole/ds1_28951.jpg,1,9,9_0,0
./data_pothole/ds1_29638.jpg,1,9,9_0,0
./data_pothole/ds1_3499.jpg,1,9,9_0,0
./data_pothole/ds1_3504.jpg,1,9,9_0,0
./data_pothole/ds1_511.jpg,2,9,9_0,0
./data_pothole/ds1_5908.jpg,1,9,9_0,0
./data_pothole/ds1_6967.jpg,1,9,9_0,0
./data_pothole/ds1_6972.jpg,1,9,9_0,0
./data_pothole/ds1_7259.jpg,2,9,9_0,0
./data_pothole/ds1_7349.jpg,1,9,9_0,0
./data_pothole/ds1_7356.jpg,1,9,9_0,0
./data_pothole/ds1_7357.jpg,1,9,9_0,0
./data_pothole/ds1_7598.jpg,1,9,9_0,0
./data_pothole/ds1_7646.jpg,1,9,9_0,0
./data_pothole/ds1_7679.jpg,2,9,9_0,0
./data_pothole/ds1_7738.jpg,1,9,9_0,0
./data_pothole/ds1_7772.jpg,1,9,9_0,0
./data_pothole/ds1_7773.jpg,1,9,9_0,0
./data_pothole/ds1_7779.jpg,1,9,9_0,0
./data_pothole/ds1_8083.jpg,1,9,9_0,0
./data_pothole/ds1_8188.jpg,1,9,9_0,0
./data_pothole/ds1_8244.jpg,1,9,9_0,0
./data_pothole/ds1_9523.jpg,1,9,9_0,0
./data_pothole/ds2_11591.jpg,1,9,9_0,0
./data_pothole/ds2_13088.jpg,1,9,9_0,0
./data_pothole/ds2_13338.jpg,1,9,9_0,0
./data_pothole/ds2_13657.jpg,1,9,9_0,0
./data_pothole/ds2_13715.jpg,1,9,9_0,0
./data_pothole/ds2_13876.jpg,1,9,9_0,0
./data_pothole/ds2_14788.jpg,1,9,9_0,0
./data_pothole/ds2_14789.jpg,1,9,9_0,0
./data_pothole/ds2_14793.jpg,2,9,9_0,0
./data_pothole/ds2_14794.jpg,2,9,9_0,0
./data_pothole/ds2_1727.jpg,1,9,9_0,0
./data_pothole/ds2_17272.jpg,2,9,9_0,0
./data_pothole/ds2_17273.jpg,2,9,9_0,0
./data_pothole/ds2_17274.jpg,2,9,9_0,0
./data_pothole/ds2_17275.jpg,2,9,9_0,0
./data_pothole/ds2_17276.jpg,2,9,9_0,0
./data_pothole/ds2_17277.jpg,2,9,9_0,0
./data_pothole/ds2_17278.jpg,2,9,9_0,0
./data_pothole/ds2_17279.jpg,2,9,9_0,0
./data_pothole/ds2_17280.jpg,2,9,9_0,0
./data_pothole/ds2_17329.jpg,1,9,9_0,0
./data_pothole/ds2_18254.jpg,2,9,9_0,0
./data_pothole/ds2_18384.jpg,2,9,9_0,0
./data_pothole/ds2_18663.jpg,2,9,9_0,0
./data_pothole/ds2_18720.jpg,1,9,9_0,0
./data_pothole/ds2_19026.jpg,1,9,9_0,0
./data_pothole/ds2_19695.jpg,1,9,9_0,0
./data_pothole/ds2_19708.jpg,1,9,9_0,0
./data_pothole/ds2_2012.jpg,1,9,9_0,0
./data_pothole/ds2_20173.jpg,1,9,9_0,0
./data_pothole/ds2_20342.jpg,1,9,9_0,0
./data_pothole/ds2_20670.jpg,1,9,9_0,0
./data_pothole/ds2_20671.jpg,1,9,9_0,0
./data_pothole/ds2_22549.jpg,1,9,9_0,0
./data_pothole/ds2_22663.jpg,1,9,9_0,0
./data_pothole/ds2_22753.jpg,1,9,9_0,0
./data_pothole/ds2_23033.jpg,1,9,9_0,0
./data_pothole/ds2_23034.jpg,1,9,9_0,0
./data_pothole/ds2_23485.jpg,1,9,9_0,0
./data_pothole/ds2_24260.jpg,1,9,9_0,0
./data_pothole/ds2_24572.jpg,1,9,9_0,0
./data_pothole/ds2_25130.jpg,1,9,9_0,0
./data_pothole/ds2_29871.jpg,2,9,9_0,0
./data_pothole/ds2_30591.jpg,1,9,9_0,0
./data_pothole/ds2_30592.jpg,2,9,9_0,0
./data_pothole/ds2_3133.jpg,2,9,9_0,0
./data_pothole/ds2_3138.jpg,1,9,9_0,0
./data_pothole/ds2_3139.jpg,1,9,9_0,0
./data_pothole/ds2_4157.jpg,1,9,9_0,0
./data_pothole/ds2_4170.jpg,1,9,9_0,0
./data_pothole/ds2_4225.jpg,1,9,9_0,0
./data_pothole/ds2_4239.jpg,1,9,9_0,0
./data_pothole/ds2_4491.jpg,1,9,9_0,0
./data_pothole/ds2_4745.jpg,1,9,9_0,0
./data_pothole/ds2_4898.jpg,1,9,9_0,0
./data_pothole/ds2_4998.jpg,1,9,9_0,0
./data_pothole/ds2_5223.jpg,1,9,9_0,0
./data_pothole/ds2_6234.jpg,2,9,9_0,0
./data_pothole/ds2_7267.jpg,1,9,9_0,0
./data_pothole/ds2_7359.jpg,1,9,9_0,0
./data_pothole/ds2_9464.jpg,1,9,9_0,0
./data_pothole/ds2_9563.jpg,1,9,9_0,0
./data_pothole/ds2_9806.jpg,1,9,9_0,0
./data_pothole/ds2_9856.jpg,1,9,9_0,0
./data_pothole/ds3_GH010227.MP4#t=196.jpg,1,9,9_0,0
./data_pothole/ds3_GH020010.MP4#t=116.jpg,1,9,9_0,0
./data_pothole/ds3_GH020106.MP4#t=167.jpg,1,9,9_0,0
./data_pothole/ds3_GH020164.MP4#t=272.jpg,1,9,9_0,0
./data_pothole/ds3_GH020167.MP4#t=392.jpg,1,9,9_0,0
./data_pothole/ds3_GH030012.MP4#t=388.jpg,1,9,9_0,0
./data_pothole/ds3_GH030012.MP4#t=589.jpg,1,9,9_0,0
./data_pothole/ds3_GH030093.MP4#t=615.jpg,1,9,9_0,0
./data_pothole/ds3_GH030100.MP4#t=241.jpg,1,9,9_0,0
./data_pothole/ds3_GH030100.MP4#t=63.jpg,1,9,9_0,0
./data_pothole/ds3_GH030100.MP4#t=689.jpg,1,9,9_0,0
./data_pothole/ds3_GH030100.MP4#t=744.jpg,2,9,9_0,0
./data_pothole/ds3_GH030100.MP4#t=818.jpg,1,9,9_0,0
./data_pothole/ds3_GH030100.MP4#t=829.jpg,1,9,9_0,0
./data_pothole/ds3_GH030167.MP4#t=726.jpg,1,9,9_0,0
./data_pothole/ds3_GH030221.MP4#t=394.jpg,2,9,9_0,0
./data_pothole/ds3_GH030316.MP4#t=119.jpg,1,9,9_0,0
./data_pothole/ds3_GH040010.MP4#t=137.jpg,1,9,9_0,0
./data_pothole/ds3_GH040012.MP4#t=156.jpg,1,9,9_0,0
./data_pothole/ds3_GH040012.MP4#t=157.jpg,2,9,9_0,0
./data_pothole/ds3_GH040012.MP4#t=350.jpg,1,9,9_0,0
./data_pothole/ds3_GH040012.MP4#t=470.jpg,2,9,9_0,0
./data_pothole/ds3_GH040012.MP4#t=504.jpg,1,9,9_0,0
./data_pothole/ds3_GH040012.MP4#t=527.jpg,2,9,9_0,0
./data_pothole/ds3_GH040012.MP4#t=656.jpg,1,9,9_0,0
./data_pothole/ds3_GH040012.MP4#t=658.jpg,1,9,9_0,0
./data_pothole/ds3_GH040012.MP4#t=659.jpg,1,9,9_0,0
./data_pothole/ds3_GH040012.MP4#t=660.jpg,1,9,9_0,0
./data_pothole/ds3_GH040012.MP4#t=661.jpg,1,9,9_0,0
./data_pothole/ds3_GH040012.MP4#t=662.jpg,1,9,9_0,0
./data_pothole/ds3_GH040012.MP4#t=663.jpg,1,9,9_0,0
./data_pothole/ds3_GH040012.MP4#t=664.jpg,1,9,9_0,0
./data_pothole/ds3_GH040012.MP4#t=665.jpg,1,9,9_0,0
./data_pothole/ds3_GH040012.MP4#t=666.jpg,1,9,9_0,0
./data_pothole/ds3_GH040012.MP4#t=667.jpg,1,9,9_0,0
./data_pothole/ds3_GH040012.MP4#t=668.jpg,1,9,9_0,0
./data_pothole/ds3_GH040012.MP4#t=670.jpg,1,9,9_0,0
./data_pothole/ds3_GH040012.MP4#t=674.jpg,1,9,9_0,0
./data_pothole/ds3_GH040012.MP4#t=675.jpg,1,9,9_0,0
./data_pothole/ds3_GH040012.MP4#t=679.jpg,1,9,9_0,0
./data_pothole/ds3_GH040012.MP4#t=703.jpg,1,9,9_0,0
./data_pothole/ds3_GH040012.MP4#t=708.jpg,1,9,9_0,0
./data_pothole/ds3_GH040012.MP4#t=866.jpg,1,9,9_0,0
./data_pothole/ds3_GH040167.MP4#t=195.jpg,1,9,9_0,0
./data_pothole/ds3_GH040167.MP4#t=196.jpg,1,9,9_0,0
./data_pothole/ds3_GH040167.MP4#t=201.jpg,2,9,9_0,0
./data_pothole/ds3_GH040167.MP4#t=203.jpg,1,9,9_0,0
./data_pothole/ds3_GH040167.MP4#t=215.jpg,1,9,9_0,0
./data_pothole/ds3_GH040167.MP4#t=234.jpg,1,9,9_0,0
./data_pothole/ds3_GH040167.MP4#t=287.jpg,1,9,9_0,0
./data_pothole/ds3_GH040167.MP4#t=36.jpg,1,9,9_0,0
./data_pothole/ds3_GH040167.MP4#t=410.jpg,1,9,9_0,0
./data_pothole/ds3_GH040167.MP4#t=746.jpg,1,9,9_0,0
./data_pothole/ds3_GH040167.MP4#t=954.jpg,3,9,9_1,0
./data_pothole/ds3_GH040227.MP4#t=637.jpg,1,9,9_0,0
./data_pothole/ds3_GH040227.MP4#t=639.jpg,1,9,9_0,0
./data_pothole/ds3_GH040239.MP4#t=352.jpg,1,9,9_0,0
./data_pothole/ds3_GH040239.MP4#t=392.jpg,1,9,9_0,0
./data_pothole/ds3_GH040385.MP4#t=301.jpg,1,9,9_0,0
./data_pothole/ds3_GH040385.MP4#t=319.jpg,1,9,9_0,0
./data_pothole/ds3_GH040389.MP4#t=22.jpg,1,9,9_0,0
./data_pothole/ds3_GH040389.MP4#t=24.jpg,1,9,9_0,0
./data_pothole/ds3_GH040389.MP4#t=332.jpg,1,9,9_0,0
./data_pothole/ds3_GH040389.MP4#t=349.jpg,1,9,9_0,0
./data_pothole/ds3_GH040389.MP4#t=356.jpg,1,9,9_0,0
./data_pothole/ds3_GH040389.MP4#t=421.jpg,1,9,9_0,0
./data_pothole/ds3_GH040389.MP4#t=466.jpg,1,9,9_0,0
./data_pothole/ds3_GH040390.MP4#t=97.jpg,1,9,9_0,0
./data_pothole/ds3_GH050007.MP4#t=540.jpg,1,9,9_0,0
./data_pothole/ds3_GH050024.MP4#t=619.jpg,1,9,9_0,0
./data_pothole/ds3_GH050024.MP4#t=621.jpg,1,9,9_0,0
./data_pothole/ds3_GH050094.MP4#t=245.jpg,1,9,9_0,0
./data_pothole/ds3_GH050094.MP4#t=246.jpg,1,9,9_0,0
./data_pothole/ds3_GH050094.MP4#t=247.jpg,1,9,9_0,0
./data_pothole/ds3_GH050167.MP4#t=458.jpg,1,9,9_0,0
./data_pothole/ds3_GH050167.MP4#t=674.jpg,1,9,9_0,0
./data_pothole/ds3_GH050167.MP4#t=815.jpg,1,9,9_0,0
./data_pothole/ds3_GH050239.MP4#t=566.jpg,1,9,9_0,0
./data_pothole/ds3_GH050239.MP4#t=659.jpg,1,9,9_0,0
./data_pothole/ds3_GH050390.MP4#t=342.jpg,1,9,9_0,0
./data_pothole/ds3_GH060010.MP4#t=518.jpg,1,9,9_0,0
./data_pothole/ds3_GH060012.MP4#t=135.jpg,1,9,9_0,0
./data_pothole/ds3_GH060012.MP4#t=137.jpg,1,9,9_0,0
./data_pothole/ds3_GH060012.MP4#t=174.jpg,1,9,9_0,0
./data_pothole/ds3_GH060012.MP4#t=432.jpg,1,9,9_0,0
./data_pothole/ds3_GH060012.MP4#t=557.jpg,1,9,9_0,0
./data_pothole/ds3_GH060012.MP4#t=567.jpg,2,9,9_0,0
./data_pothole/ds3_GH060012.MP4#t=615.jpg,1,9,9_0,0
./data_pothole/ds3_GH060164.MP4#t=1043.jpg,1,9,9_0,0
./data_pothole/ds3_GH060168.MP4#t=787.jpg,1,9,9_0,0
./data_pothole/ds3_GH060229.MP4#t=173.jpg,1,9,9_0,0
./data_pothole/ds3_GH060229.MP4#t=203.jpg,2,9,9_0,0
./data_pothole/ds3_GH060229.MP4#t=216.jpg,1,9,9_0,0
./data_pothole/ds3_GH060229.MP4#t=445.jpg,1,9,9_0,0
./data_pothole/ds3_GH060229.MP4#t=454.jpg,1,9,9_0,0
./data_pothole/ds3_GH060229.MP4#t=653.jpg,1,9,9_0,0
./data_pothole/ds3_GH060229.MP4#t=663.jpg,1,9,9_0,0
./data_pothole/ds3_GH060239.MP4#t=432.jpg,1,9,9_0,0
./data_pothole/ds3_GH060239.MP4#t=438.jpg,1,9,9_0,0
./data_pothole/ds3_GH060386.MP4#t=218.jpg,2,9,9_0,0
./data_pothole/ds3_GH060386.MP4#t=69.jpg,1,9,9_0,0
./data_pothole/ds3_GH070094.MP4#t=133.jpg,1,9,9_0,0
./data_pothole/ds3_GH070094.MP4#t=200.jpg,1,9,9_0,0
./data_pothole/ds3_GH070094.MP4#t=202.jpg,1,9,9_0,0
./data_pothole/ds3_GH070094.MP4#t=793.jpg,1,9,9_0,0
./data_pothole/ds3_GH070229.MP4#t=195.jpg,1,9,9_0,0
./data_pothole/ds3_GH070229.MP4#t=204.jpg,1,9,9_0,0
./data_pothole/ds3_GH070229.MP4#t=633.jpg,1,9,9_0,0
./data_pothole/ds3_GH070229.MP4#t=688.jpg,1,9,9_0,0
./data_pothole/ds3_GH070234.MP4#t=318.jpg,3,9,9_1,0
./data_pothole/ds3_GH070239.MP4#t=537.jpg,1,9,9_0,0
./data_pothole/ds3_GH070239.MP4#t=578.jpg,1,9,9_0,0
./data_pothole/ds3_GH080229.MP4#t=241.jpg,1,9,9_0,0
./data_pothole/ds3_GH080229.MP4#t=493.jpg,1,9,9_0,0
./data_pothole/ds3_GH080234.MP4#t=188.jpg,1,9,9_0,0
./data_pothole/ds3_GH080234.MP4#t=372.jpg,1,9,9_0,0
./data_pothole/ds3_GH090010.MP4#t=1052.jpg,1,9,9_0,0
./data_pothole/ds3_GH090010.MP4#t=128.jpg,1,9,9_0,0
./data_pothole/ds3_GH090010.MP4#t=24.jpg,2,9,9_0,0
./data_pothole/ds3_GH090010.MP4#t=434.jpg,1,9,9_0,0
./data_pothole/ds3_GH090010.MP4#t=444.jpg,1,9,9_0,0
./data_pothole/ds3_GH090010.MP4#t=475.jpg,1,9,9_0,0
./data_pothole/ds3_GH090010.MP4#t=477.jpg,1,9,9_0,0
./data_pothole/ds3_GH090010.MP4#t=653.jpg,1,9,9_0,0
./data_pothole/ds3_GH090010.MP4#t=825.jpg,1,9,9_0,0
./data_pothole/ds3_GH090010.MP4#t=895.jpg,1,9,9_0,0
./data_pothole/ds3_GH090010.MP4#t=917.jpg,1,9,9_0,0
./data_pothole/ds3_GH090010.MP4#t=95.jpg,1,9,9_0,0
./data_pothole/ds3_GH090234.MP4#t=233.jpg,1,9,9_0,0
./data_pothole/ds3_GH090234.MP4#t=316.jpg,1,9,9_0,0
./data_pothole/ds3_GH090234.MP4#t=380.jpg,1,9,9_0,0
./data_pothole/ds3_GH090234.MP4#t=522.jpg,1,9,9_0,0
./data_pothole/ds3_GH090234.MP4#t=550.jpg,1,9,9_0,0
./data_pothole/ds3_GH090234.MP4#t=552.jpg,1,9,9_0,0
./data_pothole/ds3_GH090234.MP4#t=689.jpg,1,9,9_0,0
./data_pothole/ds3_GH090234.MP4#t=691.jpg,1,9,9_0,0
./data_pothole/ds3_GH090234.MP4#t=700.jpg,1,9,9_0,0
./data_pothole/ds3_GH090234.MP4#t=704.jpg,1,9,9_0,0
./data_pothole/ds3_GH100010.MP4#t=329.jpg,1,9,9_0,0
./data_pothole/ds3_GH100010.MP4#t=641.jpg,1,9,9_0,0
./data_pothole/ds4_G0010033.jpg,6,9,9_2,0
./data_pothole/ds4_G0010117.jpg,8,9,9_2,0
./data_pothole/ds4_G0010119.jpg,6,9,9_2,0
./data_pothole/ds4_G0010121.jpg,3,9,9_1,0
./data_pothole/ds4_G0010122.jpg,2,9,9_0,0
./data_pothole/ds4_G0010124.jpg,2,9,9_0,0
./data_pothole/ds4_G0010149.jpg,9,9,9_3,0
./data_pothole/ds4_G0010153.jpg,5,9,9_1,0
./data_pothole/ds4_G0010759.jpg,1,9,9_0,0
./data_pothole/ds4_G0010760.jpg,1,9,9_0,0
./data_pothole/ds4_G0010763.jpg,2,9,9_0,0
./data_pothole/ds4_G0010765.jpg,2,9,9_0,0
./data_pothole/ds4_G0010766.jpg,2,9,9_0,0
./data_pothole/ds4_G0010768.jpg,1,9,9_0,0
./data_pothole/ds4_G0010770.jpg,1,9,9_0,0
./data_pothole/ds4_G0011196.jpg,1,9,9_0,0
./data_pothole/ds4_G0011243.jpg,3,9,9_1,0
./data_pothole/ds4_G0011244.jpg,1,9,9_0,0
./data_pothole/ds4_G0011427.jpg,2,9,9_0,0
./data_pothole/ds4_G0011474.jpg,3,9,9_1,0
./data_pothole/ds4_G0011491.jpg,2,9,9_0,0
./data_pothole/ds4_G0011503.jpg,2,9,9_0,0
./data_pothole/ds4_G0011504.jpg,3,9,9_1,0
./data_pothole/ds4_G0011526.jpg,1,9,9_0,0
./data_pothole/ds4_G0011555.jpg,2,9,9_0,0
./data_pothole/ds4_G0011560.jpg,1,9,9_0,0
./data_pothole/ds4_G0011563.jpg,2,9,9_0,0
./data_pothole/ds4_G0011567.jpg,1,9,9_0,0
./data_pothole/ds4_G0011573.jpg,2,9,9_0,0
./data_pothole/ds4_G0011586.jpg,3,9,9_1,0
./data_pothole/ds4_G0011590.jpg,6,9,9_2,0
./data_pothole/ds4_G0011593.jpg,3,9,9_1,0
./data_pothole/ds4_G0011610.jpg,1,9,9_0,0
./data_pothole/ds4_G0011613.jpg,1,9,9_0,0
./data_pothole/ds4_G0011619.jpg,1,9,9_0,0
./data_pothole/ds4_G0011621.jpg,1,9,9_0,0
./data_pothole/ds4_G0011643.jpg,1,9,9_0,0
./data_pothole/ds4_G0011701.jpg,1,9,9_0,0
./data_pothole/ds4_G0011702.jpg,1,9,9_0,0
./data_pothole/ds4_G0011704.jpg,1,9,9_0,0
./data_pothole/ds4_G0011759.jpg,4,9,9_1,0
./data_pothole/ds4_G0011760.jpg,4,9,9_1,0
./data_pothole/ds4_G0011761.jpg,4,9,9_1,0
./data_pothole/ds4_G0011763.jpg,5,9,9_1,0
./data_pothole/ds4_G0011764.jpg,4,9,9_1,0
./data_pothole/ds4_G0011766.jpg,3,9,9_1,0
./data_pothole/ds4_G0011770.jpg,2,9,9_0,0
./data_pothole/ds4_G0011771.jpg,2,9,9_0,0
./data_pothole/ds4_G0011775.jpg,1,9,9_0,0
./data_pothole/ds4_G0011866.jpg,2,9,9_0,0
./data_pothole/ds4_G0011870.jpg,3,9,9_1,0
./data_pothole/ds4_G0011872.jpg,3,9,9_1,0
./data_pothole/ds4_G0011873.jpg,5,9,9_1,0
./data_pothole/ds4_G0011874.jpg,3,9,9_1,0
./data_pothole/ds4_G0011875.jpg,3,9,9_1,0
./data_pothole/ds4_G0011877.jpg,2,9,9_0,0
./data_pothole/ds4_G0011880.jpg,1,9,9_0,0
./data_pothole/ds4_G0011935.jpg,1,9,9_0,0
./data_pothole/ds4_G0011938.jpg,4,9,9_1,0
./data_pothole/ds4_G0011939.jpg,5,9,9_1,0
./data_pothole/ds4_G0011940.jpg,4,9,9_1,0
./data_pothole/ds4_G0011941.jpg,5,9,9_1,0
./data_pothole/ds4_G0011942.jpg,7,9,9_2,0
./data_pothole/ds4_G0011947.jpg,1,9,9_0,0
./data_pothole/ds4_G0011952.jpg,1,9,9_0,0
./data_pothole/ds4_G0011953.jpg,1,9,9_0,0
./data_pothole/ds4_G0011958.jpg,1,9,9_0,0
./data_pothole/ds4_G0011975.jpg,3,9,9_1,0
./data_pothole/ds4_G0011977.jpg,3,9,9_1,0
./data_pothole/ds4_G0011990.jpg,1,9,9_0,0
./data_pothole/ds4_G0016154.jpg,1,9,9_0,0
./data_pothole/ds4_G0016232.jpg,2,9,9_0,0
./data_pothole/ds4_G0016233.jpg,2,9,9_0,0
./data_pothole/ds4_G0016234.jpg,2,9,9_0,0
./data_pothole/ds4_G0016316.jpg,1,9,9_0,0
./data_pothole/ds4_G0016325.jpg,1,9,9_0,0
./data_pothole/ds4_G0016327.jpg,1,9,9_0,0
./data_pothole/ds4_G0016328.jpg,1,9,9_0,0
./data_pothole/ds4_G0016501.jpg,1,9,9_0,0
./data_pothole/ds4_G0016503.jpg,1,9,9_0,0
./data_pothole/ds4_G0016515.jpg,1,9,9_0,0
./data_pothole/ds4_G0016557.jpg,1,9,9_0,0
./data_pothole/ds4_G0016558.jpg,1,9,9_0,0
./data_pothole/ds4_G0020197.jpg,5,9,9_1,0
./data_pothole/ds4_G0020198.jpg,5,9,9_1,0
./data_pothole/ds4_G0020206.jpg,7,9,9_2,0
./data_pothole/ds4_G0020212.jpg,3,9,9_1,0
./data_pothole/ds4_G0022106.jpg,2,9,9_0,0
./data_pothole/ds4_G0022107.jpg,2,9,9_0,0
./data_pothole/ds4_G0022108.jpg,1,9,9_0,0
./data_pothole/ds4_G0022110.jpg,1,9,9_0,0
./data_pothole/ds4_G0024291.jpg,8,9,9_2,0
./data_pothole/ds4_G0024292.jpg,8,9,9_2,0
./data_pothole/ds4_G0024294.jpg,6,9,9_2,0
./data_pothole/ds4_G0024295.jpg,6,9,9_2,0
./data_pothole/ds4_G0024589.jpg,8,9,9_2,0
./data_pothole/ds4_G0024718.jpg,8,9,9_2,0
./data_pothole/ds4_G0024749.jpg,20,9,9_6,0
./data_pothole/ds4_G0024753.jpg,16,9,9_5,0
./data_pothole/ds4_G0024754.jpg,10,9,9_3,0
./data_pothole/ds4_G0024826.jpg,8,9,9_2,0
./data_pothole/ds4_G0025079.jpg,16,9,9_5,0
./data_pothole/ds4_G0025080.jpg,14,9,9_4,0
./data_pothole/ds4_G0025081.jpg,14,9,9_4,0
./data_pothole/ds4_G0025381.jpg,6,9,9_2,0
./data_pothole/ds4_G0025382.jpg,22,9,9_7,0
./data_pothole/ds4_G0025383.jpg,12,9,9_4,0
./data_pothole/ds4_G0025386.jpg,16,9,9_5,0
./data_pothole/ds4_G0025388.jpg,6,9,9_2,0
./data_pothole/ds4_G0025389.jpg,6,9,9_2,0
./data_pothole/ds4_G0025409.jpg,4,9,9_1,0
./data_pothole/ds4_G0025665.jpg,8,9,9_2,0
./data_pothole/ds4_G0025824.jpg,2,9,9_0,0
./data_pothole/ds4_G0025836.jpg,8,9,9_2,0
./data_pothole/ds4_G0026517.jpg,4,9,9_1,0
./data_pothole/ds4_G0026518.jpg,4,9,9_1,0
./data_pothole/ds4_G0026953.jpg,2,9,9_0,0
./data_pothole/ds4_G0026954.jpg,2,9,9_0,0
./data_pothole/ds4_G0026955.jpg,2,9,9_0,0
./data_pothole/ds4_G0027034.jpg,1,9,9_0,0
./data_pothole/ds4_G0027048.jpg,2,9,9_0,0
./data_pothole/ds4_G0027049.jpg,2,9,9_0,0
./data_pothole/ds4_G0027226.jpg,4,9,9_1,0
./data_pothole/ds4_G0027269.jpg,22,9,9_7,0
./data_pothole/ds4_G0027270.jpg,20,9,9_6,0
./data_pothole/ds4_G0027271.jpg,16,9,9_5,0
./data_pothole/ds4_G0027278.jpg,6,9,9_2,0
./data_pothole/ds4_G0027281.jpg,12,9,9_4,0
./data_pothole/ds4_G0027282.jpg,10,9,9_3,0
./data_pothole/ds4_G0027283.jpg,8,9,9_2,0
./data_pothole/ds4_G0027285.jpg,2,9,9_0,0
./data_pothole/ds4_G0027286.jpg,2,9,9_0,0
./data_pothole/ds4_G0027310.jpg,1,9,9_0,0
./data_pothole/ds4_G0027311.jpg,1,9,9_0,0
./data_pothole/ds4_G0027312.jpg,1,9,9_0,0
./data_pothole/ds4_G0027313.jpg,1,9,9_0,0
./data_pothole/ds4_G0027316.jpg,1,9,9_0,0
./data_pothole/ds4_G0027408.jpg,2,9,9_0,0
./data_pothole/ds4_G0027409.jpg,2,9,9_0,0
./data_pothole/ds4_G0027413.jpg,6,9,9_2,0
./data_pothole/ds4_G0027414.jpg,4,9,9_1,0
./data_pothole/ds4_G0027506.jpg,14,9,9_4,0
./data_pothole/ds4_G0027515.jpg,2,9,9_0,0
./data_pothole/ds4_G0027527.jpg,8,9,9_2,0
./data_pothole/ds4_G0027590.jpg,2,9,9_0,0
./data_pothole/ds4_G0027591.jpg,6,9,9_2,0
./data_pothole/ds4_G0027630.jpg,2,9,9_0,0
./data_pothole/ds4_G0027662.jpg,2,9,9_0,0
./data_pothole/ds4_G0027797.jpg,5,9,9_1,0
./data_pothole/ds4_G0027798.jpg,6,9,9_2,0
./data_pothole/ds4_G0027799.jpg,6,9,9_2,0
./data_pothole/ds4_G0027800.jpg,3,9,9_1,0
./data_pothole/ds4_G0027802.jpg,2,9,9_0,0
./data_pothole/ds4_G0027822.jpg,2,9,9_0,0
./data_pothole/ds4_G0027849.jpg,2,9,9_0,0
./data_pothole/ds4_G0027850.jpg,1,9,9_0,0
./data_pothole/ds4_G0027854.jpg,2,9,9_0,0
./data_pothole/ds4_G0027855.jpg,1,9,9_0,0
./data_pothole/ds4_G0027858.jpg,1,9,9_0,0
./data_pothole/ds4_G0027860.jpg,2,9,9_0,0
./data_pothole/ds4_G0027861.jpg,2,9,9_0,0
./data_pothole/ds4_G0027878.jpg,12,9,9_4,0
./data_pothole/ds4_G0027879.jpg,2,9,9_0,0
./data_pothole/ds4_G0027889.jpg,2,9,9_0,0
./data_pothole/ds4_G0027890.jpg,2,9,9_0,0
./data_pothole/ds4_G0027891.jpg,6,9,9_2,0
./data_pothole/ds4_G0027892.jpg,4,9,9_1,0
./data_pothole/ds4_G0027894.jpg,2,9,9_0,0
./data_pothole/ds4_G0027931.jpg,10,9,9_3,0
./data_pothole/ds4_G0027932.jpg,8,9,9_2,0
./data_pothole/ds4_G0027934.jpg,6,9,9_2,0
./data_pothole/ds4_G0027976.jpg,4,9,9_1,0
./data_pothole/ds4_G0027977.jpg,2,9,9_0,0
./data_pothole/ds4_G0027990.jpg,6,9,9_2,0
./data_pothole/ds4_G0027991.jpg,4,9,9_1,0
./data_pothole/ds4_G0027992.jpg,2,9,9_0,0
./data_pothole/ds4_G0027993.jpg,2,9,9_0,0
./data_pothole/ds4_G0028002.jpg,4,9,9_1,0
./data_pothole/ds4_G0028142.jpg,2,9,9_0,0
./data_pothole/ds4_G0028159.jpg,4,9,9_1,0
./data_pothole/ds4_G0028201.jpg,1,9,9_0,0
./data_pothole/ds4_G0028259.jpg,3,9,9_1,0
./data_pothole/ds4_G0028260.jpg,1,9,9_0,0
./data_pothole/ds4_G0028261.jpg,1,9,9_0,0
./data_pothole/ds4_G0028267.jpg,3,9,9_1,0
./data_pothole/ds4_G0028268.jpg,4,9,9_1,0
./data_pothole/ds4_G0028270.jpg,1,9,9_0,0
./data_pothole/ds4_G0028271.jpg,2,9,9_0,0
./data_pothole/ds4_G0028272.jpg,2,9,9_0,0
./data_pothole/ds4_G0028273.jpg,2,9,9_0,0
./data_pothole/ds4_G0028274.jpg,2,9,9_0,0
./data_pothole/ds4_G0028275.jpg,1,9,9_0,0
./data_pothole/ds4_G0028276.jpg,1,9,9_0,0
./data_pothole/ds4_G0028279.jpg,1,9,9_0,0
./data_pothole/ds4_G0028283.jpg,1,9,9_0,0
./data_pothole/ds4_G0028284.jpg,2,9,9_0,0
./data_pothole/ds4_G0028286.jpg,3,9,9_1,0
./data_pothole/ds4_G0028288.jpg,2,9,9_0,0
./data_pothole/ds4_G0028289.jpg,2,9,9_0,0
./data_pothole/ds4_G0028303.jpg,2,9,9_0,0
./data_pothole/ds4_G0028304.jpg,2,9,9_0,0
./data_pothole/ds4_G0028338.jpg,1,9,9_0,0
./data_pothole/ds4_G0028339.jpg,2,9,9_0,0
./data_pothole/ds4_G0028367.jpg,2,9,9_0,0
./data_pothole/ds4_G0028392.jpg,10,9,9_3,0
./data_pothole/ds4_G0028398.jpg,8,9,9_2,0
./data_pothole/ds4_G0028399.jpg,2,9,9_0,0
./data_pothole/ds4_G0028409.jpg,1,9,9_0,0
./data_pothole/ds4_G0028410.jpg,1,9,9_0,0
./data_pothole/ds4_G0028411.jpg,1,9,9_0,0
./data_pothole/ds4_G0028412.jpg,1,9,9_0,0
./data_pothole/ds4_G0028413.jpg,1,9,9_0,0
./data_pothole/ds4_G0028414.jpg,1,9,9_0,0
./data_pothole/ds4_G0028415.jpg,1,9,9_0,0
./data_pothole/ds4_G0028416.jpg,1,9,9_0,0
./data_pothole/ds4_G0028417.jpg,1,9,9_0,0
./data_pothole/ds4_G0028434.jpg,6,9,9_2,0
./data_pothole/ds4_G0028435.jpg,6,9,9_2,0
./data_pothole/ds4_G0028436.jpg,2,9,9_0,0
./data_pothole/ds4_G0028437.jpg,2,9,9_0,0
./data_pothole/ds4_G0028470.jpg,4,9,9_1,0
./data_pothole/ds4_G0028471.jpg,4,9,9_1,0
./data_pothole/ds4_G0028472.jpg,4,9,9_1,0
./data_pothole/ds4_G0028473.jpg,4,9,9_1,0
./data_pothole/ds4_G0028479.jpg,4,9,9_1,0
./data_pothole/ds4_G0028480.jpg,4,9,9_1,0
./data_pothole/ds4_G0028481.jpg,2,9,9_0,0
./data_pothole/ds4_G0028486.jpg,2,9,9_0,0
./data_pothole/ds4_G0028487.jpg,2,9,9_0,0
./data_pothole/ds4_G0028489.jpg,6,9,9_2,0
./data_pothole/ds4_G0028490.jpg,6,9,9_2,0
./data_pothole/ds4_G0028492.jpg,2,9,9_0,0
./data_pothole/ds4_G0028503.jpg,2,9,9_0,0
./data_pothole/ds4_G0028505.jpg,8,9,9_2,0
./data_pothole/ds4_G0028506.jpg,8,9,9_2,0
./data_pothole/ds4_G0028507.jpg,2,9,9_0,0
./data_pothole/ds4_G0028509.jpg,2,9,9_0,0
./data_pothole/ds4_G0028512.jpg,2,9,9_0,0
./data_pothole/ds4_G0028513.jpg,2,9,9_0,0
./data_pothole/ds4_G0028514.jpg,2,9,9_0,0
./data_pothole/ds4_G0028520.jpg,8,9,9_2,0
./data_pothole/ds4_G0028521.jpg,8,9,9_2,0
./data_pothole/ds4_G0028522.jpg,6,9,9_2,0
./data_pothole/ds4_G0028543.jpg,2,9,9_0,0
./data_pothole/ds4_G0028545.jpg,2,9,9_0,0
./data_pothole/ds4_G0028595.jpg,2,9,9_0,0
./data_pothole/ds4_G0028596.jpg,4,9,9_1,0
./data_pothole/ds4_G0028597.jpg,4,9,9_1,0
./data_pothole/ds4_G0028603.jpg,18,9,9_6,0
./data_pothole/ds4_G0028611.jpg,4,9,9_1,0
./data_pothole/ds4_G0028715.jpg,3,9,9_1,0
./data_pothole/ds4_G0028716.jpg,3,9,9_1,0
./data_pothole/ds4_G0028750.jpg,1,9,9_0,0
./data_pothole/ds4_G0028752.jpg,1,9,9_0,0
./data_pothole/ds4_G0028753.jpg,1,9,9_0,0
./data_pothole/ds4_G0028754.jpg,1,9,9_0,0
./data_pothole/ds4_G0028755.jpg,1,9,9_0,0
./data_pothole/ds4_G0028756.jpg,1,9,9_0,0
./data_pothole/ds4_G0028761.jpg,1,9,9_0,0
./data_pothole/ds4_G0028762.jpg,1,9,9_0,0
./data_pothole/ds4_G0028763.jpg,1,9,9_0,0
./data_pothole/ds4_G0028764.jpg,1,9,9_0,0
./data_pothole/ds4_G0028767.jpg,1,9,9_0,0
./data_pothole/ds4_G0028814.jpg,3,9,9_1,0
./data_pothole/ds4_G0028817.jpg,8,9,9_2,0
./data_pothole/ds4_G0028836.jpg,2,9,9_0,0
./data_pothole/ds4_G0028837.jpg,2,9,9_0,0
./data_pothole/ds4_G0028838.jpg,2,9,9_0,0
./data_pothole/ds4_G0028846.jpg,1,9,9_0,0
./data_pothole/ds4_G0028848.jpg,2,9,9_0,0
./data_pothole/ds4_G0028849.jpg,2,9,9_0,0
./data_pothole/ds4_G0028887.jpg,3,9,9_1,0
./data_pothole/ds4_G0028888.jpg,3,9,9_1,0
./data_pothole/ds4_G0028889.jpg,3,9,9_1,0
./data_pothole/ds4_G0028890.jpg,3,9,9_1,0
./data_pothole/ds4_G0028891.jpg,1,9,9_0,0
./data_pothole/ds4_G0028893.jpg,1,9,9_0,0
./data_pothole/ds4_G0028894.jpg,1,9,9_0,0
./data_pothole/ds4_G0028898.jpg,1,9,9_0,0
./data_pothole/ds4_G0028901.jpg,1,9,9_0,0
./data_pothole/ds4_G0028907.jpg,2,9,9_0,0
./data_pothole/ds4_G0028908.jpg,1,9,9_0,0
./data_pothole/ds4_G0028932.jpg,2,9,9_0,0
./data_pothole/ds4_G0028933.jpg,2,9,9_0,0
./data_pothole/ds4_G0028934.jpg,2,9,9_0,0
./data_pothole/ds4_G0028935.jpg,1,9,9_0,0
./data_pothole/ds4_G0028951.jpg,1,9,9_0,0
./data_pothole/ds4_G0028952.jpg,1,9,9_0,0
./data_pothole/ds4_G0028976.jpg,2,9,9_0,0
./data_pothole/ds4_G0028977.jpg,2,9,9_0,0
./data_pothole/ds4_G0028991.jpg,6,9,9_2,0
./data_pothole/ds4_G0028992.jpg,6,9,9_2,0
./data_pothole/ds4_G0028993.jpg,3,9,9_1,0
./data_pothole/ds4_G0028995.jpg,1,9,9_0,0
./data_pothole/ds4_G0028997.jpg,4,9,9_1,0
./data_pothole/ds4_G0028998.jpg,4,9,9_1,0
./data_pothole/ds4_G0029049.jpg,4,9,9_1,0
./data_pothole/ds4_G0029050.jpg,2,9,9_0,0
./data_pothole/ds4_G0029060.jpg,2,9,9_0,0
./data_pothole/ds4_G0029079.jpg,2,9,9_0,0
./data_pothole/ds4_G0029081.jpg,2,9,9_0,0
./data_pothole/ds4_G0029084.jpg,1,9,9_0,0
./data_pothole/ds4_G0029086.jpg,1,9,9_0,0
./data_pothole/ds4_G0029088.jpg,2,9,9_0,0
./data_pothole/ds4_G0029156.jpg,4,9,9_1,0
./data_pothole/ds4_G0029157.jpg,4,9,9_1,0
./data_pothole/ds4_G0029191.jpg,2,9,9_0,0
./data_pothole/ds4_G0029193.jpg,10,9,9_3,0
./data_pothole/ds4_G0029194.jpg,10,9,9_3,0
./data_pothole/ds4_G0029195.jpg,8,9,9_2,0
./data_pothole/ds4_G0029203.jpg,1,9,9_0,0
./data_pothole/ds4_G0029225.jpg,14,9,9_4,0
./data_pothole/ds4_G0029226.jpg,14,9,9_4,0
./data_pothole/ds4_G0029229.jpg,8,9,9_2,0
./data_pothole/ds4_G0029233.jpg,2,9,9_0,0
./data_pothole/ds4_G0029284.jpg,1,9,9_0,0
./data_pothole/ds4_G0029285.jpg,1,9,9_0,0
./data_pothole/ds4_G0029314.jpg,4,9,9_1,0
./data_pothole/ds4_G0029320.jpg,2,9,9_0,0
./data_pothole/ds4_G0029381.jpg,4,9,9_1,0
./data_pothole/ds4_G0029382.jpg,4,9,9_1,0
./data_pothole/ds4_G0029383.jpg,4,9,9_1,0
./data_pothole/ds4_G0029446.jpg,1,9,9_0,0
./data_pothole/ds4_G0029447.jpg,1,9,9_0,0
./data_pothole/ds4_G0029448.jpg,1,9,9_0,0
./data_pothole/ds4_G0029449.jpg,1,9,9_0,0
./data_pothole/ds4_G0029450.jpg,1,9,9_0,0
./data_pothole/ds4_G0029453.jpg,2,9,9_0,0
./data_pothole/ds4_G0029454.jpg,2,9,9_0,0
./data_pothole/ds4_G0029455.jpg,2,9,9_0,0
./data_pothole/ds4_G0029468.jpg,4,9,9_1,0
./data_pothole/ds4_G0029469.jpg,4,9,9_1,0
./data_pothole/ds4_G0029511.jpg,1,9,9_0,0
./data_pothole/ds4_G0029603.jpg,1,9,9_0,0
./data_pothole/ds4_G0029604.jpg,1,9,9_0,0
./data_pothole/ds4_G0029605.jpg,1,9,9_0,0
./data_pothole/ds4_G0029661.jpg,2,9,9_0,0
./data_pothole/ds4_G0029717.jpg,2,9,9_0,0
./data_pothole/ds4_G0029718.jpg,2,9,9_0,0
./data_pothole/ds4_G0029719.jpg,2,9,9_0,0
./data_pothole/ds4_G0029721.jpg,1,9,9_0,0
./data_pothole/ds4_G0029722.jpg,2,9,9_0,0
./data_pothole/ds4_G0029723.jpg,1,9,9_0,0
./data_pothole/ds4_G0029724.jpg,1,9,9_0,0
./data_pothole/ds4_G0029785.jpg,2,9,9_0,0
./data_pothole/ds4_G0029867.jpg,1,9,9_0,0
./data_pothole/ds4_G0029929.jpg,1,9,9_0,0
./data_pothole/ds4_G0029946.jpg,6,9,9_2,0
./data_pothole/ds4_G0029947.jpg,6,9,9_2,0
./data_pothole/ds4_G0029948.jpg,4,9,9_1,0
./data_pothole/ds4_G0029965.jpg,3,9,9_1,0
./data_pothole/ds4_G0029966.jpg,3,9,9_1,0
./data_pothole/ds4_G0029967.jpg,2,9,9_0,0
./data_pothole/ds4_G0030003.jpg,2,9,9_0,0
./data_pothole/ds4_G0030004.jpg,2,9,9_0,0
./data_pothole/ds4_G0030136.jpg,1,9,9_0,0
./data_pothole/ds4_G0030137.jpg,1,9,9_0,0
./data_pothole/ds4_G0030138.jpg,1,9,9_0,0
./data_pothole/ds4_G0030141.jpg,2,9,9_0,0
./data_pothole/ds4_G0030161.jpg,2,9,9_0,0
./data_pothole/ds4_G0030187.jpg,1,9,9_0,0
./data_pothole/ds4_G0030193.jpg,2,9,9_0,0
./data_pothole/ds4_G0030194.jpg,1,9,9_0,0
./data_pothole/ds4_G0030220.jpg,4,9,9_1,0
./data_pothole/ds4_G0030222.jpg,3,9,9_1,0
./data_pothole/ds4_G0030285.jpg,8,9,9_2,0
./data_pothole/ds4_G0030286.jpg,4,9,9_1,0
./data_pothole/ds4_G0030289.jpg,4,9,9_1,0
./data_pothole/ds4_G0030290.jpg,6,9,9_2,0
./data_pothole/ds4_G0030295.jpg,1,9,9_0,0
./data_pothole/ds4_G0030296.jpg,1,9,9_0,0
./data_pothole/ds4_G0030346.jpg,10,9,9_3,0
./data_pothole/ds4_G0030528.jpg,1,9,9_0,0
./data_pothole/ds4_G0030529.jpg,1,9,9_0,0
./data_pothole/ds4_G0030660.jpg,6,9,9_2,0
./data_pothole/ds4_G0030661.jpg,2,9,9_0,0
./data_pothole/ds4_G0030674.jpg,8,9,9_2,0
./data_pothole/ds4_G0030676.jpg,8,9,9_2,0
./data_pothole/ds4_G0030687.jpg,4,9,9_1,0
./data_pothole/ds4_G0030970.jpg,12,9,9_4,0
./data_pothole/ds4_G0030971.jpg,8,9,9_2,0
./data_pothole/ds4_G0031016.jpg,14,9,9_4,0
./data_pothole/ds4_G0031017.jpg,12,9,9_4,0
./data_pothole/ds4_G0031018.jpg,14,9,9_4,0
./data_pothole/ds4_G0031021.jpg,8,9,9_2,0
./data_pothole/ds4_G0031130.jpg,2,9,9_0,0
./data_pothole/ds4_G0031131.jpg,2,9,9_0,0
./data_pothole/ds4_G0031212.jpg,2,9,9_0,0
./data_pothole/ds4_G0031213.jpg,2,9,9_0,0
./data_pothole/ds4_G0031361.jpg,6,9,9_2,0
./data_pothole/ds4_G0031362.jpg,10,9,9_3,0
./data_pothole/ds4_G0031363.jpg,10,9,9_3,0
./data_pothole/ds4_G0031364.jpg,10,9,9_3,0
./data_pothole/ds4_G0031365.jpg,14,9,9_4,0
./data_pothole/ds4_G0031366.jpg,22,9,9_7,0
./data_pothole/ds4_G0031367.jpg,18,9,9_6,0
./data_pothole/ds4_G0031368.jpg,16,9,9_5,0
./data_pothole/ds4_G0031369.jpg,20,9,9_6,0
./data_pothole/ds4_G0031370.jpg,20,9,9_6,0
./data_pothole/ds4_G0031371.jpg,12,9,9_4,0
./data_pothole/ds4_G0031372.jpg,10,9,9_3,0
./data_pothole/ds4_G0031373.jpg,8,9,9_2,0
./data_pothole/ds4_G0031374.jpg,6,9,9_2,0
./data_pothole/ds4_G0031375.jpg,8,9,9_2,0
./data_pothole/ds4_G0031376.jpg,8,9,9_2,0
./data_pothole/ds4_G0031377.jpg,6,9,9_2,0
./data_pothole/ds4_G0031378.jpg,4,9,9_1,0
./data_pothole/ds4_G0031379.jpg,6,9,9_2,0
./data_pothole/ds4_G0031498.jpg,6,9,9_2,0
./data_pothole/ds4_G0031530.jpg,2,9,9_0,0
./data_pothole/ds4_G0031590.jpg,4,9,9_1,0
./data_pothole/ds4_G0031591.jpg,2,9,9_0,0
./data_pothole/ds4_G0031592.jpg,2,9,9_0,0
./data_pothole/ds4_G0031593.jpg,2,9,9_0,0
./data_pothole/ds4_G0031608.jpg,2,9,9_0,0
./data_pothole/ds4_G0031609.jpg,4,9,9_1,0
./data_pothole/ds4_G0031610.jpg,4,9,9_1,0
./data_pothole/ds4_G0031611.jpg,4,9,9_1,0
./data_pothole/ds4_G0031612.jpg,2,9,9_0,0
./data_pothole/ds4_G0031652.jpg,6,9,9_2,0
./data_pothole/ds4_G0031658.jpg,2,9,9_0,0
./data_pothole/ds4_G0031659.jpg,2,9,9_0,0
./data_pothole/ds4_G0031660.jpg,2,9,9_0,0
./data_pothole/ds4_G0031697.jpg,8,9,9_2,0
./data_pothole/ds4_G0031698.jpg,10,9,9_3,0
./data_pothole/ds4_G0031736.jpg,8,9,9_2,0
./data_pothole/ds4_G0031911.jpg,2,9,9_0,0
./data_pothole/ds4_G0032033.jpg,8,9,9_2,0
./data_pothole/ds4_G0032034.jpg,8,9,9_2,0
./data_pothole/ds4_G0032036.jpg,2,9,9_0,0
./data_pothole/ds4_G0032202.jpg,4,9,9_1,0
./data_pothole/ds4_G0032203.jpg,6,9,9_2,0
./data_pothole/ds4_G0032204.jpg,8,9,9_2,0
./data_pothole/ds4_G0032205.jpg,8,9,9_2,0
./data_pothole/ds4_G0032207.jpg,8,9,9_2,0
./data_pothole/ds4_G0032213.jpg,4,9,9_1,0
./data_pothole/ds4_G0032214.jpg,4,9,9_1,0
./data_pothole/ds4_G0032217.jpg,8,9,9_2,0
./data_pothole/ds4_G0032228.jpg,4,9,9_1,0
./data_pothole/ds4_G0032229.jpg,2,9,9_0,0
./data_pothole/ds4_G0032230.jpg,4,9,9_1,0
./data_pothole/ds4_G0032231.jpg,2,9,9_0,0
./data_pothole/ds4_G0032232.jpg,4,9,9_1,0
./data_pothole/ds4_G0032301.jpg,16,9,9_5,0
./data_pothole/ds4_G0032424.jpg,6,9,9_2,0
./data_pothole/ds4_G0032425.jpg,6,9,9_2,0
./data_pothole/ds4_G0032432.jpg,4,9,9_1,0
./data_pothole/ds4_G0032513.jpg,5,9,9_1,0
./data_pothole/ds4_G0032515.jpg,5,9,9_1,0
./data_pothole/ds4_G0032516.jpg,4,9,9_1,0
./data_pothole/ds4_G0032518.jpg,1,9,9_0,0
./data_pothole/ds4_G0032519.jpg,2,9,9_0,0
./data_pothole/ds4_G0032754.jpg,1,9,9_0,0
./data_pothole/ds4_G0032755.jpg,1,9,9_0,0
./data_pothole/ds4_G0040661.jpg,5,9,9_1,0
./data_pothole/ds4_G0040662.jpg,6,9,9_2,0
./data_pothole/ds4_G0040663.jpg,5,9,9_1,0
./data_pothole/ds4_G0040664.jpg,4,9,9_1,0
./data_pothole/ds4_G0040807.jpg,1,9,9_0,0
./data_pothole/ds4_G0040808.jpg,1,9,9_0,0
./data_pothole/ds4_G0040944.jpg,6,9,9_2,0
./data_pothole/ds4_G0040950.jpg,6,9,9_2,0
./data_pothole/ds4_G0040970.jpg,2,9,9_0,0
./data_pothole/ds4_G0040971.jpg,2,9,9_0,0
./data_pothole/ds4_G0040972.jpg,2,9,9_0,0
./data_pothole/ds4_G0040973.jpg,2,9,9_0,0
./data_pothole/ds4_G0040975.jpg,2,9,9_0,0
./data_pothole/ds4_G0040976.jpg,1,9,9_0,0
./data_pothole/ds4_G0040977.jpg,2,9,9_0,0
./data_pothole/ds4_G0040978.jpg,2,9,9_0,0
./data_pothole/ds4_G0040979.jpg,3,9,9_1,0
./data_pothole/ds4_G0040980.jpg,3,9,9_1,0
./data_pothole/ds4_G0041017.jpg,2,9,9_0,0
./data_pothole/ds4_G0041018.jpg,8,9,9_2,0
./data_pothole/ds4_G0041118.jpg,6,9,9_2,0
./data_pothole/ds4_G0041119.jpg,6,9,9_2,0
./data_pothole/ds4_G0041120.jpg,4,9,9_1,0
./data_pothole/ds4_G0041413.jpg,1,9,9_0,0
./data_pothole/ds4_G0041414.jpg,1,9,9_0,0
./data_pothole/ds4_G0041415.jpg,1,9,9_0,0
./data_pothole/ds4_G0041416.jpg,1,9,9_0,0
./data_pothole/ds4_G0041417.jpg,1,9,9_0,0
./data_pothole/ds4_G0041793.jpg,1,9,9_0,0
./data_pothole/ds4_G0041794.jpg,1,9,9_0,0
./data_pothole/ds4_G0041795.jpg,1,9,9_0,0
./data_pothole/ds4_G0041854.jpg,4,9,9_1,0
./data_pothole/ds4_G0043163.jpg,2,9,9_0,0
./data_pothole/ds4_G0043230.jpg,1,9,9_0,0
./data_pothole/ds4_G0043273.jpg,1,9,9_0,0
./data_pothole/ds4_G0043311.jpg,2,9,9_0,0
./data_pothole/ds4_G0043312.jpg,3,9,9_1,0
./data_pothole/ds4_G0043313.jpg,4,9,9_1,0
./data_pothole/ds4_G0043314.jpg,5,9,9_1,0
./data_pothole/ds4_G0043315.jpg,5,9,9_1,0
./data_pothole/ds4_G0043316.jpg,8,9,9_2,0
./data_pothole/ds4_G0043317.jpg,7,9,9_2,0
./data_pothole/ds4_G0043318.jpg,6,9,9_2,0
./data_pothole/ds4_G0043319.jpg,5,9,9_1,0
./data_pothole/ds4_G0043320.jpg,5,9,9_1,0
./data_pothole/ds4_G0043321.jpg,3,9,9_1,0
./data_pothole/ds4_G0043322.jpg,2,9,9_0,0
./data_pothole/ds4_G0051938.jpg,2,9,9_0,0
./data_pothole/ds4_G0051940.jpg,2,9,9_0,0
./data_pothole/ds4_G0051941.jpg,2,9,9_0,0
./data_pothole/ds4_G0051942.jpg,2,9,9_0,0
./data_pothole/ds4_G0051943.jpg,2,9,9_0,0
./data_pothole/ds4_G0051944.jpg,2,9,9_0,0
./data_pothole/ds4_G0051945.jpg,1,9,9_0,0
./data_pothole/ds4_G0051946.jpg,1,9,9_0,0
./data_pothole/ds4_G0051947.jpg,1,9,9_0,0
./data_pothole/ds4_G0052004.jpg,5,9,9_1,0
./data_pothole/ds4_G0052007.jpg,4,9,9_1,0
./data_pothole/ds4_G0052008.jpg,4,9,9_1,0
./data_pothole/ds4_G0052009.jpg,3,9,9_1,0
./data_pothole/ds4_G0052010.jpg,4,9,9_1,0
./data_pothole/ds4_G0052118.jpg,1,9,9_0,0
./data_pothole/ds4_G0052119.jpg,1,9,9_0,0
./data_pothole/ds4_G0052120.jpg,2,9,9_0,0
./data_pothole/ds4_G0052145.jpg,1,9,9_0,0
./data_pothole/ds4_G0052146.jpg,1,9,9_0,0
./data_pothole/ds4_G0052147.jpg,1,9,9_0,0
./data_pothole/ds4_G0052190.jpg,1,9,9_0,0
./data_pothole/ds4_G0052191.jpg,1,9,9_0,0
./data_pothole/ds4_G0052192.jpg,1,9,9_0,0
./data_pothole/ds4_G0052199.jpg,1,9,9_0,0
./data_pothole/ds4_G0052200.jpg,1,9,9_0,0
./data_pothole/ds4_G0052398.jpg,2,9,9_0,0
./data_pothole/ds4_G0052399.jpg,2,9,9_0,0
./data_pothole/ds4_G0052400.jpg,2,9,9_0,0
./data_pothole/ds4_G0052401.jpg,1,9,9_0,0
./data_pothole/ds4_G0052405.jpg,4,9,9_1,0
./data_pothole/ds4_G0052406.jpg,4,9,9_1,0
./data_pothole/ds4_G0052407.jpg,3,9,9_1,0
./data_pothole/ds4_G0052416.jpg,1,9,9_0,0
./data_pothole/ds4_G0052417.jpg,1,9,9_0,0
./data_pothole/ds4_G0052424.jpg,1,9,9_0,0
./data_pothole/ds4_G0052425.jpg,1,9,9_0,0
./data_pothole/ds4_G0052450.jpg,3,9,9_1,0
./data_pothole/ds4_G0052464.jpg,2,9,9_0,0
./data_pothole/ds4_G0052471.jpg,1,9,9_0,0
./data_pothole/ds4_G0052584.jpg,1,9,9_0,0
./data_pothole/ds4_G0052585.jpg,1,9,9_0,0
./data_pothole/ds4_G0052685.jpg,1,9,9_0,0
./data_pothole/ds4_G0052690.jpg,2,9,9_0,0
./data_pothole/ds4_G0052691.jpg,1,9,9_0,0
./data_pothole/ds4_G0052692.jpg,1,9,9_0,0
./data_pothole/ds4_G0052780.jpg,2,9,9_0,0
./data_pothole/ds4_G0052781.jpg,3,9,9_1,0
./data_pothole/ds4_G0052782.jpg,5,9,9_1,0
./data_pothole/ds4_G0052783.jpg,4,9,9_1,0
./data_pothole/ds4_G0052784.jpg,5,9,9_1,0
./data_pothole/ds4_G0052785.jpg,3,9,9_1,0
./data_pothole/ds4_G0052786.jpg,2,9,9_0,0
./data_pothole/ds4_G0052787.jpg,1,9,9_0,0
./data_pothole/ds4_G0052788.jpg,1,9,9_0,0
./data_pothole/ds4_G0052789.jpg,1,9,9_0,0
./data_pothole/ds4_G0052790.jpg,1,9,9_0,0
./data_pothole/ds4_G0052791.jpg,1,9,9_0,0
./data_pothole/ds4_G0052911.jpg,5,9,9_1,0
./data_pothole/ds4_G0052912.jpg,6,9,9_2,0
./data_pothole/ds4_G0052993.jpg,1,9,9_0,0
./data_pothole/ds4_G0052998.jpg,2,9,9_0,0
./data_pothole/ds4_G0054292.jpg,2,9,9_0,0
./data_pothole/ds4_G0054293.jpg,2,9,9_0,0
./data_pothole/ds4_G0063376.jpg,4,9,9_1,0
./data_pothole/ds4_G0063500.jpg,1,9,9_0,0
./data_pothole/ds4_G0063501.jpg,2,9,9_0,0
./data_pothole/ds4_G0063502.jpg,2,9,9_0,0
./data_pothole/ds4_G0063628.jpg,1,9,9_0,0
./data_pothole/ds4_G0063629.jpg,1,9,9_0,0
./data_pothole/ds4_G0063916.jpg,1,9,9_0,0
./data_pothole/ds4_G0063917.jpg,1,9,9_0,0
./data_pothole/ds4_G0063918.jpg,1,9,9_0,0
./data_pothole/ds4_G0063920.jpg,1,9,9_0,0
./data_pothole/ds4_G0063922.jpg,1,9,9_0,0
./data_pothole/ds4_G0063923.jpg,1,9,9_0,0
./data_pothole/ds4_G0063924.jpg,1,9,9_0,0
./data_pothole/ds4_G0063925.jpg,1,9,9_0,0
./data_pothole/ds4_G0064102.jpg,1,9,9_0,0
./data_pothole/ds4_G0064140.jpg,2,9,9_0,0
./data_pothole/ds4_G0064141.jpg,2,9,9_0,0
./data_pothole/ds4_G0064147.jpg,1,9,9_0,0
./data_pothole/ds4_G0064148.jpg,1,9,9_0,0
./data_pothole/ds4_G0064182.jpg,1,9,9_0,0
./data_pothole/ds4_G0064183.jpg,1,9,9_0,0
./data_pothole/ds4_G0064184.jpg,1,9,9_0,0
./data_pothole/ds4_G0064185.jpg,1,9,9_0,0
./data_pothole/ds4_G0064196.jpg,3,9,9_1,0
./data_pothole/ds4_G0064306.jpg,1,9,9_0,0
./data_pothole/ds4_G0064344.jpg,2,9,9_0,0
./data_pothole/ds4_G0064345.jpg,1,9,9_0,0
./data_pothole/ds4_G0064346.jpg,1,9,9_0,0
./data_pothole/ds4_G0064406.jpg,1,9,9_0,0
./data_pothole/ds4_G0064407.jpg,3,9,9_1,0
./data_pothole/ds4_G0064408.jpg,3,9,9_1,0
./data_pothole/ds4_G0064436.jpg,1,9,9_0,0
./data_pothole/ds4_G0064437.jpg,1,9,9_0,0
./data_pothole/ds4_G0064470.jpg,1,9,9_0,0
./data_pothole/ds4_G0064474.jpg,2,9,9_0,0
./data_pothole/ds4_G0064480.jpg,2,9,9_0,0
./data_pothole/ds4_G0064481.jpg,2,9,9_0,0
./data_pothole/ds4_G0064482.jpg,1,9,9_0,0
./data_pothole/ds4_G0064484.jpg,2,9,9_0,0
./data_pothole/ds4_G0064486.jpg,3,9,9_1,0
./data_pothole/ds4_G0064487.jpg,3,9,9_1,0
./data_pothole/ds4_G0064488.jpg,3,9,9_1,0
./data_pothole/ds4_G0064498.jpg,1,9,9_0,0
./data_pothole/ds4_G0064499.jpg,1,9,9_0,0
./data_pothole/ds4_G0064505.jpg,1,9,9_0,0
./data_pothole/ds4_G0064508.jpg,1,9,9_0,0
./data_pothole/ds4_G0064509.jpg,1,9,9_0,0
./data_pothole/ds4_G0064510.jpg,2,9,9_0,0
./data_pothole/ds4_G0064512.jpg,1,9,9_0,0
./data_pothole/ds4_G0064513.jpg,1,9,9_0,0
./data_pothole/ds4_G0064514.jpg,1,9,9_0,0
./data_pothole/ds4_G0064515.jpg,1,9,9_0,0
./data_pothole/ds4_G0064516.jpg,3,9,9_1,0
./data_pothole/ds4_G0064531.jpg,3,9,9_1,0
./data_pothole/ds4_G0064539.jpg,1,9,9_0,0
./data_pothole/ds4_G0064540.jpg,2,9,9_0,0
./data_pothole/ds4_G0064541.jpg,2,9,9_0,0
./data_pothole/ds4_G0064542.jpg,2,9,9_0,0
./data_pothole/ds4_G0064563.jpg,5,9,9_1,0
./data_pothole/ds4_G0064565.jpg,3,9,9_1,0
./data_pothole/ds4_G0064566.jpg,3,9,9_1,0
./data_pothole/ds4_G0064567.jpg,1,9,9_0,0
./data_pothole/ds4_G0064568.jpg,3,9,9_1,0
./data_pothole/ds4_G0064569.jpg,5,9,9_1,0
./data_pothole/ds4_G0064570.jpg,4,9,9_1,0
./data_pothole/ds4_G0064572.jpg,4,9,9_1,0
./data_pothole/ds4_G0064573.jpg,3,9,9_1,0
./data_pothole/ds4_G0064578.jpg,1,9,9_0,0
./data_pothole/ds4_G0064579.jpg,1,9,9_0,0
./data_pothole/ds4_G0064580.jpg,1,9,9_0,0
./data_pothole/ds4_G0064595.jpg,1,9,9_0,0
./data_pothole/ds4_G0064605.jpg,1,9,9_0,0
./data_pothole/ds4_G0064619.jpg,1,9,9_0,0
./data_pothole/ds4_G0064620.jpg,1,9,9_0,0
./data_pothole/ds4_G0064626.jpg,3,9,9_1,0
./data_pothole/ds4_G0064629.jpg,2,9,9_0,0
./data_pothole/ds4_G0064638.jpg,2,9,9_0,0
./data_pothole/ds4_G0064639.jpg,2,9,9_0,0
./data_pothole/ds4_G0064640.jpg,3,9,9_1,0
./data_pothole/ds4_G0064641.jpg,2,9,9_0,0
./data_pothole/ds4_G0064642.jpg,1,9,9_0,0
./data_pothole/ds4_G0064644.jpg,1,9,9_0,0
./data_pothole/ds4_G0064664.jpg,1,9,9_0,0
./data_pothole/ds4_G0064666.jpg,1,9,9_0,0
./data_pothole/ds4_G0064709.jpg,1,9,9_0,0
./data_pothole/ds4_G0064711.jpg,1,9,9_0,0
./data_pothole/ds4_G0064712.jpg,1,9,9_0,0
./data_pothole/ds4_G0064753.jpg,2,9,9_0,0
./data_pothole/ds4_G0064768.jpg,1,9,9_0,0
./data_pothole/ds4_G0064769.jpg,2,9,9_0,0
./data_pothole/ds4_G0064770.jpg,1,9,9_0,0
./data_pothole/ds4_G0064794.jpg,1,9,9_0,0
./data_pothole/ds4_G0064803.jpg,1,9,9_0,0
./data_pothole/ds4_G0064820.jpg,1,9,9_0,0
./data_pothole/ds4_G0064821.jpg,1,9,9_0,0
./data_pothole/ds4_G0064824.jpg,1,9,9_0,0
./data_pothole/ds4_G0064825.jpg,1,9,9_0,0
./data_pothole/ds4_G0064826.jpg,1,9,9_0,0
./data_pothole/ds4_G0064849.jpg,2,9,9_0,0
./data_pothole/ds4_G0064852.jpg,1,9,9_0,0
./data_pothole/ds4_G0064856.jpg,1,9,9_0,0
./data_pothole/ds4_G0064857.jpg,1,9,9_0,0
./data_pothole/ds4_G0064858.jpg,1,9,9_0,0
./data_pothole/ds4_G0064998.jpg,1,9,9_0,0
./data_pothole/ds4_G0064999.jpg,1,9,9_0,0
./data_pothole/ds4_G0065014.jpg,1,9,9_0,0
./data_pothole/ds4_G0065039.jpg,1,9,9_0,0
./data_pothole/ds4_G0065042.jpg,1,9,9_0,0
./data_pothole/ds4_G0065043.jpg,1,9,9_0,0
./data_pothole/ds4_G0065278.jpg,1,9,9_0,0
./data_pothole/ds4_G0065279.jpg,1,9,9_0,0
./data_pothole/ds4_G0065280.jpg,1,9,9_0,0
./data_pothole/ds4_G0065281.jpg,2,9,9_0,0
./data_pothole/ds4_G0065283.jpg,2,9,9_0,0
./data_pothole/ds4_G0065284.jpg,2,9,9_0,0
./data_pothole/ds4_G0065300.jpg,1,9,9_0,0
./data_pothole/ds4_G0065301.jpg,1,9,9_0,0
./data_pothole/ds4_G0065613.jpg,5,9,9_1,0
./data_pothole/ds4_G0065614.jpg,4,9,9_1,0
./data_pothole/ds4_G0065615.jpg,3,9,9_1,0
./data_pothole/ds4_G0065669.jpg,6,9,9_2,0
./data_pothole/ds4_G0065756.jpg,1,9,9_0,0
./data_pothole/ds4_G0065758.jpg,1,9,9_0,0
./data_pothole/ds4_G0065767.jpg,2,9,9_0,0
./data_pothole/ds4_G0065768.jpg,2,9,9_0,0
./data_pothole/ds4_G0065769.jpg,2,9,9_0,0
./data_pothole/ds4_G0065770.jpg,1,9,9_0,0
./data_pothole/ds4_G0065792.jpg,5,9,9_1,0
./data_pothole/ds4_G0065793.jpg,5,9,9_1,0
./data_pothole/ds4_G0065794.jpg,5,9,9_1,0
./data_pothole/ds4_G0066026.jpg,1,9,9_0,0
./data_pothole/ds4_G0066027.jpg,1,9,9_0,0
./data_pothole/ds4_G0066028.jpg,1,9,9_0,0
./data_pothole/ds4_G0066084.jpg,2,9,9_0,0
./data_pothole/ds4_G0066086.jpg,2,9,9_0,0
./data_pothole/ds4_G0066087.jpg,2,9,9_0,0
./data_pothole/ds4_G0066106.jpg,4,9,9_1,0
./data_pothole/ds4_G0066107.jpg,4,9,9_1,0
./data_pothole/ds4_G0066108.jpg,2,9,9_0,0
./data_pothole/ds4_G0066109.jpg,1,9,9_0,0
./data_pothole/ds4_G0066117.jpg,2,9,9_0,0
./data_pothole/ds4_G0066118.jpg,2,9,9_0,0
./data_pothole/ds4_G0066126.jpg,5,9,9_1,0
./data_pothole/ds4_G0066128.jpg,3,9,9_1,0
./data_pothole/ds4_G0066129.jpg,2,9,9_0,0
./data_pothole/ds4_G0066253.jpg,1,9,9_0,0
./data_pothole/ds4_G0066261.jpg,2,9,9_0,0
./data_pothole/ds4_G0066262.jpg,3,9,9_1,0
./data_pothole/ds4_G0066263.jpg,3,9,9_1,0
./data_pothole/ds4_G0066342.jpg,1,9,9_0,0
./data_pothole/ds4_G0066343.jpg,2,9,9_0,0
./data_pothole/ds4_G0066360.jpg,3,9,9_1,0
./data_pothole/ds4_G0066361.jpg,3,9,9_1,0
./data_pothole/ds4_G0066363.jpg,2,9,9_0,0
./data_pothole/ds4_G0066364.jpg,3,9,9_1,0
./data_pothole/ds4_G0066365.jpg,2,9,9_0,0
./data_pothole/ds4_G0066366.jpg,2,9,9_0,0
./data_pothole/ds4_G0066367.jpg,2,9,9_0,0
./data_pothole/ds4_G0066396.jpg,4,9,9_1,0
./data_pothole/ds4_G0066397.jpg,4,9,9_1,0
./data_pothole/ds4_G0066398.jpg,3,9,9_1,0
./data_pothole/ds4_G0066399.jpg,2,9,9_0,0
./data_pothole/ds4_G0066416.jpg,1,9,9_0,0
./data_pothole/ds4_G0066421.jpg,2,9,9_0,0
./data_pothole/ds4_G0066491.jpg,2,9,9_0,0
./data_pothole/ds4_G0066492.jpg,2,9,9_0,0
./data_pothole/ds4_G0066493.jpg,2,9,9_0,0
./data_pothole/ds4_G0066494.jpg,2,9,9_0,0
./data_pothole/ds4_G0066547.jpg,2,9,9_0,0
./data_pothole/ds4_G0066548.jpg,2,9,9_0,0
./data_pothole/ds4_G0066551.jpg,5,9,9_1,0
./data_pothole/ds4_G0066552.jpg,3,9,9_1,0
./data_pothole/ds4_G0066555.jpg,6,9,9_2,0
./data_pothole/ds4_G0066557.jpg,8,9,9_2,0
./data_pothole/ds4_G0066559.jpg,8,9,9_2,0
./data_pothole/ds4_G0066560.jpg,7,9,9_2,0
./data_pothole/ds4_G0066561.jpg,3,9,9_1,0
./data_pothole/ds4_G0066562.jpg,5,9,9_1,0
./data_pothole/ds4_G0066563.jpg,3,9,9_1,0
./data_pothole/ds4_G0066564.jpg,8,9,9_2,0
./data_pothole/ds4_G0066565.jpg,11,9,9_3,0
./data_pothole/ds4_G0066566.jpg,9,9,9_3,0
./data_pothole/ds4_G0066567.jpg,4,9,9_1,0
./data_pothole/ds4_G0066568.jpg,6,9,9_2,0
./data_pothole/ds4_G0066570.jpg,14,9,9_4,0
./data_pothole/ds4_G0066571.jpg,11,9,9_3,0
./data_pothole/ds4_G0066572.jpg,5,9,9_1,0
./data_pothole/ds4_G0066573.jpg,2,9,9_0,0
./data_pothole/ds4_G0066575.jpg,3,9,9_1,0
./data_pothole/ds4_G0066576.jpg,4,9,9_1,0
./data_pothole/ds4_G0066577.jpg,4,9,9_1,0
./data_pothole/ds4_G0066578.jpg,4,9,9_1,0
./data_pothole/ds4_G0066579.jpg,6,9,9_2,0
./data_pothole/ds4_G0066580.jpg,6,9,9_2,0
./data_pothole/ds4_G0066581.jpg,5,9,9_1,0
./data_pothole/ds4_G0066583.jpg,7,9,9_2,0
./data_pothole/ds4_G0066584.jpg,4,9,9_1,0
./data_pothole/ds4_G0066585.jpg,2,9,9_0,0
./data_pothole/ds4_G0066586.jpg,3,9,9_1,0
./data_pothole/ds4_G0066587.jpg,4,9,9_1,0
./data_pothole/ds4_G0066588.jpg,5,9,9_1,0
./data_pothole/ds4_G0066589.jpg,5,9,9_1,0
./data_pothole/ds4_G0066590.jpg,10,9,9_3,0
./data_pothole/ds4_G0066591.jpg,12,9,9_4,0
./data_pothole/ds4_G0066592.jpg,10,9,9_3,0
./data_pothole/ds4_G0066593.jpg,7,9,9_2,0
./data_pothole/ds4_G0066594.jpg,7,9,9_2,0
./data_pothole/ds4_G0066595.jpg,6,9,9_2,0
./data_pothole/ds4_G0066596.jpg,6,9,9_2,0
./data_pothole/ds4_G0066597.jpg,6,9,9_2,0
./data_pothole/ds4_G0066598.jpg,5,9,9_1,0
./data_pothole/ds4_G0066599.jpg,6,9,9_2,0
./data_pothole/ds4_G0066600.jpg,6,9,9_2,0
./data_pothole/ds4_G0066601.jpg,5,9,9_1,0
./data_pothole/ds4_G0066602.jpg,9,9,9_3,0
./data_pothole/ds4_G0066604.jpg,6,9,9_2,0
./data_pothole/ds4_G0066605.jpg,10,9,9_3,0
./data_pothole/ds4_G0066606.jpg,7,9,9_2,0
./data_pothole/ds4_G0066607.jpg,12,9,9_4,0
./data_pothole/ds4_G0066608.jpg,13,9,9_4,0
./data_pothole/ds4_G0066609.jpg,13,9,9_4,0
./data_pothole/ds4_G0066610.jpg,10,9,9_3,0
./data_pothole/ds4_G0066611.jpg,11,9,9_3,0
./data_pothole/ds4_G0066612.jpg,9,9,9_3,0
./data_pothole/ds4_G0066613.jpg,6,9,9_2,0
./data_pothole/ds4_G0066614.jpg,4,9,9_1,0
./data_pothole/ds4_G0066615.jpg,6,9,9_2,0
./data_pothole/ds4_G0066616.jpg,4,9,9_1,0
./data_pothole/ds4_G0066617.jpg,5,9,9_1,0
./data_pothole/ds4_G0066618.jpg,4,9,9_1,0
./data_pothole/ds4_G0066619.jpg,6,9,9_2,0
./data_pothole/ds4_G0066620.jpg,6,9,9_2,0
./data_pothole/ds4_G0066621.jpg,4,9,9_1,0
./data_pothole/ds4_G0066623.jpg,7,9,9_2,0
./data_pothole/ds4_G0066624.jpg,9,9,9_3,0
./data_pothole/ds4_G0066625.jpg,7,9,9_2,0
./data_pothole/ds4_G0066626.jpg,7,9,9_2,0
./data_pothole/ds4_G0066627.jpg,9,9,9_3,0
./data_pothole/ds4_G0066628.jpg,6,9,9_2,0
./data_pothole/ds4_G0066629.jpg,4,9,9_1,0
./data_pothole/ds4_G0066630.jpg,6,9,9_2,0
./data_pothole/ds4_G0066631.jpg,3,9,9_1,0
./data_pothole/ds4_G0066632.jpg,4,9,9_1,0
./data_pothole/ds4_G0066633.jpg,3,9,9_1,0
./data_pothole/ds4_G0066634.jpg,4,9,9_1,0
./data_pothole/ds4_G0066635.jpg,2,9,9_0,0
./data_pothole/ds4_G0066636.jpg,4,9,9_1,0
./data_pothole/ds4_G0066641.jpg,4,9,9_1,0
./data_pothole/ds4_G0066642.jpg,5,9,9_1,0
./data_pothole/ds4_G0066643.jpg,4,9,9_1,0
./data_pothole/ds4_G0066644.jpg,2,9,9_0,0
./data_pothole/ds4_G0066645.jpg,4,9,9_1,0
./data_pothole/ds4_G0066646.jpg,4,9,9_1,0
./data_pothole/ds4_G0066647.jpg,2,9,9_0,0
./data_pothole/ds4_G0066648.jpg,4,9,9_1,0
./data_pothole/ds4_G0066650.jpg,5,9,9_1,0
./data_pothole/ds4_G0066651.jpg,3,9,9_1,0
./data_pothole/ds4_G0066652.jpg,2,9,9_0,0
./data_pothole/ds4_G0066694.jpg,3,9,9_1,0
./data_pothole/ds4_G0066695.jpg,4,9,9_1,0
./data_pothole/ds4_G0066696.jpg,4,9,9_1,0
./data_pothole/ds4_G0066701.jpg,1,9,9_0,0
./data_pothole/ds4_G0066703.jpg,2,9,9_0,0
./data_pothole/ds4_G0066704.jpg,1,9,9_0,0
./data_pothole/ds4_G0066876.jpg,1,9,9_0,0
./data_pothole/ds4_G0066879.jpg,1,9,9_0,0
./data_pothole/ds4_G0066881.jpg,1,9,9_0,0
./data_pothole/ds4_G0066886.jpg,6,9,9_2,0
./data_pothole/ds4_G0066887.jpg,5,9,9_1,0
./data_pothole/ds4_G0066888.jpg,6,9,9_2,0
./data_pothole/ds4_G0066889.jpg,4,9,9_1,0
./data_pothole/ds4_G0066905.jpg,1,9,9_0,0
./data_pothole/ds4_G0066906.jpg,1,9,9_0,0
./data_pothole/ds4_G0066911.jpg,2,9,9_0,0
./data_pothole/ds4_G0066912.jpg,1,9,9_0,0
./data_pothole/ds4_G0066925.jpg,2,9,9_0,0
./data_pothole/ds4_G0066933.jpg,2,9,9_0,0
./data_pothole/ds4_G0066934.jpg,1,9,9_0,0
./data_pothole/ds4_G0066944.jpg,1,9,9_0,0
./data_pothole/ds4_G0066951.jpg,1,9,9_0,0
./data_pothole/ds4_G0066953.jpg,1,9,9_0,0
./data_pothole/ds4_G0066960.jpg,2,9,9_0,0
./data_pothole/ds4_G0066961.jpg,3,9,9_1,0
./data_pothole/ds4_G0066962.jpg,3,9,9_1,0
./data_pothole/ds4_G0066963.jpg,3,9,9_1,0
./data_pothole/ds4_G0066964.jpg,3,9,9_1,0
./data_pothole/ds4_G0066965.jpg,2,9,9_0,0
./data_pothole/ds4_G0066966.jpg,1,9,9_0,0
./data_pothole/ds4_G0066967.jpg,1,9,9_0,0
./data_pothole/ds4_G0066980.jpg,2,9,9_0,0
./data_pothole/ds4_G0066981.jpg,2,9,9_0,0
./data_pothole/ds4_G0067001.jpg,1,9,9_0,0
./data_pothole/ds4_G0067019.jpg,1,9,9_0,0
./data_pothole/ds4_G0067035.jpg,2,9,9_0,0
./data_pothole/ds4_G0067036.jpg,3,9,9_1,0
./data_pothole/ds4_G0067037.jpg,2,9,9_0,0
./data_pothole/ds4_G0067038.jpg,3,9,9_1,0
./data_pothole/ds4_G0067039.jpg,2,9,9_0,0
./data_pothole/ds4_G0067040.jpg,2,9,9_0,0
./data_pothole/ds4_G0067041.jpg,2,9,9_0,0
./data_pothole/ds4_G0067042.jpg,2,9,9_0,0
./data_pothole/ds4_G0067077.jpg,4,9,9_1,0
./data_pothole/ds4_G0067078.jpg,4,9,9_1,0
./data_pothole/ds4_G0067081.jpg,2,9,9_0,0
./data_pothole/ds4_G0067082.jpg,2,9,9_0,0
./data_pothole/ds4_G0073834.jpg,2,9,9_0,0
./data_pothole/ds4_G0073886.jpg,2,9,9_0,0
./data_pothole/ds4_G0073889.jpg,2,9,9_0,0
./data_pothole/ds4_G0073978.jpg,6,9,9_2,0
./data_pothole/ds4_G0073979.jpg,2,9,9_0,0
./data_pothole/ds4_G0073980.jpg,4,9,9_1,0
./data_pothole/ds4_G0074098.jpg,2,9,9_0,0
./data_pothole/ds4_G0074099.jpg,4,9,9_1,0
./data_pothole/ds4_G0074113.jpg,2,9,9_0,0
./data_pothole/ds4_G0074114.jpg,4,9,9_1,0
./data_pothole/ds4_G0074187.jpg,6,9,9_2,0
./data_pothole/ds4_G0074221.jpg,4,9,9_1,0
./data_pothole/ds4_G0074230.jpg,4,9,9_1,0
./data_pothole/ds4_G0077364.jpg,1,9,9_0,0
./data_pothole/ds4_G0077365.jpg,1,9,9_0,0
./data_pothole/ds4_G0077366.jpg,1,9,9_0,0
./data_pothole/ds4_G0077749.jpg,1,9,9_0,0
./data_pothole/ds4_G0077750.jpg,1,9,9_0,0
./data_pothole/ds4_G0077959.jpg,3,9,9_1,0
./data_pothole/ds4_G0077960.jpg,3,9,9_1,0
./data_pothole/ds4_G0077961.jpg,3,9,9_1,0
./data_pothole/ds4_G0084391.jpg,2,9,9_0,0
./data_pothole/ds4_G0084392.jpg,2,9,9_0,0
./data_pothole/ds4_G0084732.jpg,1,9,9_0,0
./data_pothole/ds4_G0084733.jpg,1,9,9_0,0
./data_pothole/ds4_G0088175.jpg,1,9,9_0,0
./data_pothole/ds4_G0088186.jpg,1,9,9_0,0
./data_pothole/ds4_G0088287.jpg,4,9,9_1,0
./data_pothole/ds4_G0088288.jpg,3,9,9_1,0
./data_pothole/ds4_G0088289.jpg,3,9,9_1,0
./data_pothole/ds4_G0088290.jpg,1,9,9_0,0
./data_pothole/ds4_G0088291.jpg,1,9,9_0,0
./data_pothole/ds4_G0088292.jpg,1,9,9_0,0
./data_pothole/ds4_G0088293.jpg,1,9,9_0,0
./data_pothole/ds4_G0088435.jpg,3,9,9_1,0
./data_pothole/ds4_G0088436.jpg,3,9,9_1,0
./data_pothole/ds4_G0088597.jpg,1,9,9_0,0
./data_pothole/ds4_G0088598.jpg,1,9,9_0,0
./data_pothole/ds4_G0088599.jpg,1,9,9_0,0
./data_pothole/ds4_G0088617.jpg,4,9,9_1,0
./data_pothole/ds4_G0088795.jpg,5,9,9_1,0
./data_pothole/ds4_G0088796.jpg,7,9,9_2,0
./data_pothole/ds4_G0088798.jpg,7,9,9_2,0
./data_pothole/ds4_G0088799.jpg,9,9,9_3,0
./data_pothole/ds4_G0088800.jpg,8,9,9_2,0
./data_pothole/ds4_G0088801.jpg,9,9,9_3,0
./data_pothole/ds4_G0088802.jpg,7,9,9_2,0
./data_pothole/ds4_G0088803.jpg,6,9,9_2,0
./data_pothole/ds4_G0088804.jpg,4,9,9_1,0
./data_pothole/ds4_G0088805.jpg,4,9,9_1,0
./data_pothole/ds4_G0088806.jpg,2,9,9_0,0
./data_pothole/ds4_G0088807.jpg,3,9,9_1,0
./data_pothole/ds4_G0088808.jpg,4,9,9_1,0
./data_pothole/ds4_G0088812.jpg,2,9,9_0,0
./data_pothole/ds4_G0088827.jpg,2,9,9_0,0
./data_pothole/ds4_G0088828.jpg,2,9,9_0,0
./data_pothole/ds4_G0088829.jpg,4,9,9_1,0
./data_pothole/ds4_G0088830.jpg,4,9,9_1,0
./data_pothole/ds4_G0088831.jpg,4,9,9_1,0
./data_pothole/ds4_G0088832.jpg,4,9,9_1,0
./data_pothole/ds4_G0088833.jpg,3,9,9_1,0
./data_pothole/ds4_G0088970.jpg,1,9,9_0,0
./data_pothole/ds4_G0089105.jpg,1,9,9_0,0
./data_pothole/ds4_G0089107.jpg,1,9,9_0,0
./data_pothole/ds4_G0089108.jpg,1,9,9_0,0
./data_pothole/ds4_G0089161.jpg,2,9,9_0,0
./data_pothole/ds4_G0089162.jpg,2,9,9_0,0
./data_pothole/ds4_G0089163.jpg,2,9,9_0,0
./data_pothole/ds4_G0089164.jpg,1,9,9_0,0
./data_pothole/ds4_G0089194.jpg,6,9,9_2,0
./data_pothole/ds4_G0089195.jpg,9,9,9_3,0
./data_pothole/ds4_G0089196.jpg,6,9,9_2,0
./data_pothole/ds4_G0089197.jpg,6,9,9_2,0
./data_pothole/ds4_G0089207.jpg,2,9,9_0,0
./data_pothole/ds4_G0089208.jpg,3,9,9_1,0
./data_pothole/ds4_G0089238.jpg,4,9,9_1,0
./data_pothole/ds4_G0089239.jpg,4,9,9_1,0
./data_pothole/ds4_G0089240.jpg,3,9,9_1,0
./data_pothole/ds4_G0089242.jpg,3,9,9_1,0
./data_pothole/ds4_G0089243.jpg,2,9,9_0,0
./data_pothole/ds4_G0089298.jpg,2,9,9_0,0
./data_pothole/ds4_G0089299.jpg,2,9,9_0,0
./data_pothole/ds4_G0089302.jpg,1,9,9_0,0
./data_pothole/ds4_G0089360.jpg,4,9,9_1,0
./data_pothole/ds4_G0089433.jpg,1,9,9_0,0
./data_pothole/ds4_G0089434.jpg,1,9,9_0,0
./data_pothole/ds4_G0089515.jpg,1,9,9_0,0
./data_pothole/ds4_G0089516.jpg,1,9,9_0,0
./data_pothole/ds4_G0089517.jpg,1,9,9_0,0
./data_pothole/ds4_G0089518.jpg,1,9,9_0,0
./data_pothole/ds4_G0089519.jpg,1,9,9_0,0
./data_pothole/ds4_G0089520.jpg,1,9,9_0,0
./data_pothole/ds4_G0089755.jpg,1,9,9_0,0
./data_pothole/ds4_G0089756.jpg,1,9,9_0,0
./data_pothole/ds4_G0089823.jpg,9,9,9_3,0
./data_pothole/ds4_G0089824.jpg,14,9,9_4,0
./data_pothole/ds4_G0089825.jpg,11,9,9_3,0
./data_pothole/ds4_G0089826.jpg,7,9,9_2,0
./data_pothole/ds4_G0089827.jpg,4,9,9_1,0
./data_pothole/ds4_G0089828.jpg,4,9,9_1,0
./data_pothole/ds4_G0089829.jpg,3,9,9_1,0
./data_pothole/ds4_G0089830.jpg,4,9,9_1,0
./data_pothole/ds4_G0089831.jpg,12,9,9_4,0
./data_pothole/ds4_G0089832.jpg,7,9,9_2,0
./data_pothole/ds4_G0089833.jpg,9,9,9_3,0
./data_pothole/ds4_G0089834.jpg,7,9,9_2,0
./data_pothole/ds4_G0089835.jpg,6,9,9_2,0
./data_pothole/ds4_G0089836.jpg,7,9,9_2,0
./data_pothole/ds4_G0089837.jpg,5,9,9_1,0
./data_pothole/ds4_G0089839.jpg,6,9,9_2,0
./data_pothole/ds4_G0089840.jpg,4,9,9_1,0
./data_pothole/ds4_G0089858.jpg,2,9,9_0,0
./data_pothole/ds4_G0089878.jpg,1,9,9_0,0
./data_pothole/ds4_G0089879.jpg,1,9,9_0,0
./data_pothole/ds4_G0089880.jpg,1,9,9_0,0
./data_pothole/ds4_G0089927.jpg,1,9,9_0,0
./data_pothole/ds4_G0089929.jpg,1,9,9_0,0
./data_pothole/ds4_G0089930.jpg,1,9,9_0,0
./data_pothole/ds4_G0090163.jpg,1,9,9_0,0
./data_pothole/ds4_G0090164.jpg,1,9,9_0,0
./data_pothole/ds4_G0090165.jpg,1,9,9_0,0
./data_pothole/ds4_G0090183.jpg,7,9,9_2,0
./data_pothole/ds4_G0090184.jpg,6,9,9_2,0
./data_pothole/ds4_G0090186.jpg,2,9,9_0,0
./data_pothole/ds4_G0090187.jpg,3,9,9_1,0
./data_pothole/ds4_G0090200.jpg,3,9,9_1,0
./data_pothole/ds4_G0090201.jpg,4,9,9_1,0
./data_pothole/ds4_G0090202.jpg,2,9,9_0,0
./data_pothole/ds4_G0090207.jpg,8,9,9_2,0
./data_pothole/ds4_G0090208.jpg,6,9,9_2,0
./data_pothole/ds4_G0090209.jpg,8,9,9_2,0
./data_pothole/ds4_G0090210.jpg,6,9,9_2,0
./data_pothole/ds4_G0090211.jpg,8,9,9_2,0
./data_pothole/ds4_G0090212.jpg,7,9,9_2,0
./data_pothole/ds4_G0090213.jpg,6,9,9_2,0
./data_pothole/ds4_G0090214.jpg,4,9,9_1,0
./data_pothole/ds4_G0090215.jpg,6,9,9_2,0
./data_pothole/ds4_G0090216.jpg,8,9,9_2,0
./data_pothole/ds4_G0090217.jpg,4,9,9_1,0
./data_pothole/ds4_G0090218.jpg,6,9,9_2,0
./data_pothole/ds4_G0090219.jpg,6,9,9_2,0
./data_pothole/ds4_G0090220.jpg,3,9,9_1,0
./data_pothole/ds4_G0090221.jpg,3,9,9_1,0
./data_pothole/ds4_G0090222.jpg,5,9,9_1,0
./data_pothole/ds4_G0090223.jpg,5,9,9_1,0
./data_pothole/ds4_G0090227.jpg,3,9,9_1,0
./data_pothole/ds4_G0090228.jpg,4,9,9_1,0
./data_pothole/ds4_G0090229.jpg,4,9,9_1,0
./data_pothole/ds4_G0090230.jpg,4,9,9_1,0
./data_pothole/ds4_G0090231.jpg,3,9,9_1,0
./data_pothole/ds4_G0090232.jpg,3,9,9_1,0
./data_pothole/ds4_G0090246.jpg,1,9,9_0,0
./data_pothole/ds4_G0090265.jpg,1,9,9_0,0
./data_pothole/ds4_G0090298.jpg,2,9,9_0,0
./data_pothole/ds4_G0090299.jpg,2,9,9_0,0
./data_pothole/ds4_G0090314.jpg,3,9,9_1,0
./data_pothole/ds4_G0090315.jpg,4,9,9_1,0
./data_pothole/ds4_G0090316.jpg,3,9,9_1,0
./data_pothole/ds4_G0090339.jpg,1,9,9_0,0
./data_pothole/ds4_G0090340.jpg,2,9,9_0,0
./data_pothole/ds4_G0090361.jpg,3,9,9_1,0
./data_pothole/ds4_G0090362.jpg,1,9,9_0,0
./data_pothole/ds4_G0090363.jpg,1,9,9_0,0
./data_pothole/ds4_G0090381.jpg,4,9,9_1,0
./data_pothole/ds4_G0090382.jpg,3,9,9_1,0
./data_pothole/ds4_G0090383.jpg,3,9,9_1,0
./data_pothole/ds4_G0090384.jpg,5,9,9_1,0
./data_pothole/ds4_G0090386.jpg,4,9,9_1,0
./data_pothole/ds4_G0090387.jpg,4,9,9_1,0
./data_pothole/ds4_G0090388.jpg,3,9,9_1,0
./data_pothole/ds4_G0090389.jpg,4,9,9_1,0
./data_pothole/ds4_G0090390.jpg,3,9,9_1,0
./data_pothole/ds4_G0090391.jpg,3,9,9_1,0
./data_pothole/ds4_G0090392.jpg,2,9,9_0,0
./data_pothole/ds4_G0090433.jpg,3,9,9_1,0
./data_pothole/ds4_G0090434.jpg,3,9,9_1,0
./data_pothole/ds4_G0090471.jpg,2,9,9_0,0
./data_pothole/ds4_G0090566.jpg,1,9,9_0,0
./data_pothole/ds4_G0090567.jpg,1,9,9_0,0
./data_pothole/ds4_G0090568.jpg,1,9,9_0,0
./data_pothole/ds4_G0094401.jpg,1,9,9_0,0
./data_pothole/ds4_G0094402.jpg,1,9,9_0,0
./data_pothole/ds4_G0094404.jpg,4,9,9_1,0
./data_pothole/ds4_G0094405.jpg,4,9,9_1,0
./data_pothole/ds4_G0094409.jpg,2,9,9_0,0
./data_pothole/ds4_G0094462.jpg,4,9,9_1,0
./data_pothole/ds4_G0094463.jpg,4,9,9_1,0
./data_pothole/ds4_G0095119.jpg,5,9,9_1,0
./data_pothole/ds4_G0095121.jpg,1,9,9_0,0
./data_pothole/ds4_G0095122.jpg,3,9,9_1,0
./data_pothole/ds4_G0095123.jpg,3,9,9_1,0
./data_pothole/ds4_G0101514.jpg,8,9,9_2,0
./data_pothole/ds4_G0101524.jpg,2,9,9_0,0
./data_pothole/ds4_G0104532.jpg,2,9,9_0,0
./data_pothole/ds4_G0105208.jpg,1,9,9_0,0
./data_pothole/ds4_G0105235.jpg,2,9,9_0,0
./data_pothole/ds4_G0105238.jpg,5,9,9_1,0
./data_pothole/ds4_G0105243.jpg,4,9,9_1,0
./data_pothole/ds4_G0114678.jpg,6,9,9_2,0
./data_pothole/ds4_G0114679.jpg,4,9,9_1,0
./data_pothole/ds4_G0114680.jpg,4,9,9_1,0
./data_pothole/ds4_G0114681.jpg,6,9,9_2,0
./data_pothole/ds4_G0114709.jpg,10,9,9_3,0
./data_pothole/ds4_G0114711.jpg,10,9,9_3,0
./data_pothole/ds4_G0114712.jpg,4,9,9_1,0
./data_pothole/ds4_G0114732.jpg,4,9,9_1,0
./data_pothole/ds4_G0114733.jpg,4,9,9_1,0
./data_pothole/ds4_G0114817.jpg,4,9,9_1,0
./data_pothole/ds4_G0114966.jpg,4,9,9_1,0
./data_pothole/ds4_G0114967.jpg,2,9,9_0,0
./data_pothole/ds4_G0115386.jpg,1,9,9_0,0
./data_pothole/ds4_G0125001.jpg,2,9,9_0,0
./data_pothole/ds4_G0125002.jpg,2,9,9_0,0
./data_pothole/ds4_G0134474.jpg,1,9,9_0,0
./data_pothole/ds4_G0134493.jpg,1,9,9_0,0
./data_pothole/ds4_G0134508.jpg,1,9,9_0,0
./data_pothole/ds4_G0134509.jpg,1,9,9_0,0
./data_pothole/ds4_G0134510.jpg,1,9,9_0,0
./data_pothole/ds4_G0135100.jpg,2,9,9_0,0
./data_pothole/ds4_G0135101.jpg,2,9,9_0,0
./data_pothole/ds4_G0135102.jpg,2,9,9_0,0
./data_pothole/ds4_G0141814.jpg,6,9,9_2,0
./data_pothole/ds4_G0141815.jpg,6,9,9_2,0
./data_pothole/ds4_G0144759.jpg,4,9,9_1,0
./data_pothole/ds4_G0145139.jpg,2,9,9_0,0
./data_pothole/ds4_G0145140.jpg,2,9,9_0,0
./data_pothole/ds4_G0145141.jpg,2,9,9_0,0
./data_pothole/ds4_G0145142.jpg,2,9,9_0,0
./data_pothole/ds4_G0145143.jpg,2,9,9_0,0
./data_pothole/ds4_G0145144.jpg,2,9,9_0,0
./data_pothole/ds4_G0145163.jpg,6,9,9_2,0
./data_pothole/ds4_G0145177.jpg,2,9,9_0,0
./data_pothole/ds4_G0151834.jpg,2,9,9_0,0
./data_pothole/ds4_G0267325.jpg,3,9,9_1,0
./data_pothole/ds4_G0267326.jpg,8,9,9_2,0
./data_pothole/ds4_G0267327.jpg,7,9,9_2,0
./data_pothole/ds4_G0267328.jpg,7,9,9_2,0
./data_pothole/ds4_G0287606.jpg,1,9,9_0,0
./data_pothole/ds4_G0287622.jpg,1,9,9_0,0
./data_pothole/ds4_G0325471.jpg,1,9,9_0,0
./data_pothole/ds4_G0335492.jpg,1,9,9_0,0
./data_pothole/ds4_G0335493.jpg,1,9,9_0,0
./data_pothole/ds4_G0335494.jpg,1,9,9_0,0
./data_pothole/ds4_G0345521.jpg,1,9,9_0,0
./data_pothole/ds4_G0345522.jpg,1,9,9_0,0
./data_pothole/ds4_G0345523.jpg,1,9,9_0,0
./data_pothole/ds4_G0345524.jpg,2,9,9_0,0
./data_pothole/ds4_G0348187.jpg,2,9,9_0,0
./data_pothole/ds4_G0398363.jpg,3,9,9_1,0
./data_pothole/ds4_G0449113.jpg,1,9,9_0,0
